ts,site,latitude,longitude,wind_speed_100m,wind_dir_100m,shortwave_rad,temperature_2m,is_forecast,collected_at
2026-10-01 00:00,zhanjiang,20.9,110.6,22.7,184.0,0.0,30.1,0,2026-10-08T13:55:35
2026-10-01 01:00,zhanjiang,20.9,110.6,20.8,185.0,0.0,29.8,0,2026-10-08T13:55:35
2026-10-01 02:00,zhanjiang,20.9,110.6,17.4,191.0,0.0,29.7,0,2026-10-08T13:55:35
2026-10-01 03:00,zhanjiang,20.9,110.6,16.6,195.0,0.0,29.3,0,2026-10-08T13:55:35
2026-10-01 04:00,zhanjiang,20.9,110.6,14.8,193.0,0.0,29.0,0,2026-10-08T13:55:35
2026-10-01 05:00,zhanjiang,20.9,110.6,13.4,191.0,0.0,28.8,0,2026-10-08T13:55:35
2026-10-01 06:00,zhanjiang,20.9,110.6,12.8,190.0,0.0,28.6,0,2026-10-08T13:55:35
2026-10-01 07:00,zhanjiang,20.9,110.6,11.9,195.0,11.0,28.8,0,2026-10-08T13:55:35
2026-10-01 08:00,zhanjiang,20.9,110.6,8.7,198.0,147.0,30.6,0,2026-10-08T13:55:35
2026-10-01 09:00,zhanjiang,20.9,110.6,10.8,190.0,362.0,31.3,0,2026-10-08T13:55:35
2026-10-01 10:00,zhanjiang,20.9,110.6,11.9,183.0,570.0,32.0,0,2026-10-08T13:55:35
2026-10-01 11:00,zhanjiang,20.9,110.6,13.0,177.0,664.0,32.2,0,2026-10-08T13:55:35
2026-10-01 12:00,zhanjiang,20.9,110.6,13.7,167.0,789.0,32.8,0,2026-10-08T13:55:35
2026-10-01 13:00,zhanjiang,20.9,110.6,13.2,160.0,796.0,33.4,0,2026-10-08T13:55:35
2026-10-01 14:00,zhanjiang,20.9,110.6,11.1,149.0,775.0,34.5,0,2026-10-08T13:55:35
2026-10-01 15:00,zhanjiang,20.9,110.6,14.0,145.0,659.0,33.6,0,2026-10-08T13:55:35
2026-10-01 16:00,zhanjiang,20.9,110.6,13.1,142.0,486.0,33.3,0,2026-10-08T13:55:35
2026-10-01 17:00,zhanjiang,20.9,110.6,16.1,138.0,338.0,32.5,0,2026-10-08T13:55:35
2026-10-01 18:00,zhanjiang,20.9,110.6,16.9,141.0,131.0,31.1,0,2026-10-08T13:55:35
2026-10-01 19:00,zhanjiang,20.9,110.6,16.3,143.0,7.0,30.3,0,2026-10-08T13:55:35
2026-10-01 20:00,zhanjiang,20.9,110.6,15.9,148.0,0.0,30.6,0,2026-10-08T13:55:35
2026-10-01 21:00,zhanjiang,20.9,110.6,18.6,146.0,0.0,30.3,0,2026-10-08T13:55:35
2026-10-01 22:00,zhanjiang,20.9,110.6,18.2,159.0,0.0,30.0,0,2026-10-08T13:55:35
2026-10-01 23:00,zhanjiang,20.9,110.6,20.7,165.0,0.0,29.9,0,2026-10-08T13:55:35
2026-10-02 00:00,zhanjiang,20.9,110.6,22.7,172.0,0.0,29.7,0,2026-10-08T13:55:35
2026-10-02 01:00,zhanjiang,20.9,110.6,22.9,179.0,0.0,29.4,0,2026-10-08T13:55:35
2026-10-02 02:00,zhanjiang,20.9,110.6,20.3,190.0,0.0,29.6,0,2026-10-08T13:55:35
2026-10-02 03:00,zhanjiang,20.9,110.6,18.2,200.0,0.0,29.1,0,2026-10-08T13:55:35
2026-10-02 04:00,zhanjiang,20.9,110.6,19.2,206.0,0.0,28.8,0,2026-10-08T13:55:35
2026-10-02 05:00,zhanjiang,20.9,110.6,17.1,207.0,0.0,28.5,0,2026-10-08T13:55:35
2026-10-02 06:00,zhanjiang,20.9,110.6,13.6,212.0,0.0,28.3,0,2026-10-08T13:55:35
2026-10-02 07:00,zhanjiang,20.9,110.6,10.6,208.0,10.0,28.5,0,2026-10-08T13:55:35
2026-10-02 08:00,zhanjiang,20.9,110.6,7.4,212.0,104.0,29.9,0,2026-10-08T13:55:35
2026-10-02 09:00,zhanjiang,20.9,110.6,3.8,205.0,272.0,30.9,0,2026-10-08T13:55:35
2026-10-02 10:00,zhanjiang,20.9,110.6,7.3,173.0,491.0,32.0,0,2026-10-08T13:55:35
2026-10-02 11:00,zhanjiang,20.9,110.6,9.3,165.0,699.0,32.9,0,2026-10-08T13:55:35
2026-10-02 12:00,zhanjiang,20.9,110.6,10.6,157.0,795.0,33.3,0,2026-10-08T13:55:35
2026-10-02 13:00,zhanjiang,20.9,110.6,11.8,147.0,739.0,33.3,0,2026-10-08T13:55:35
2026-10-02 14:00,zhanjiang,20.9,110.6,12.4,121.0,646.0,34.8,0,2026-10-08T13:55:35
2026-10-02 15:00,zhanjiang,20.9,110.6,13.2,130.0,698.0,33.8,0,2026-10-08T13:55:35
2026-10-02 16:00,zhanjiang,20.9,110.6,16.7,115.0,529.0,33.2,0,2026-10-08T13:55:35
2026-10-02 17:00,zhanjiang,20.9,110.6,16.0,105.0,269.0,31.9,0,2026-10-08T13:55:35
2026-10-02 18:00,zhanjiang,20.9,110.6,14.0,99.0,95.0,31.0,0,2026-10-08T13:55:35
2026-10-02 19:00,zhanjiang,20.9,110.6,14.6,100.0,5.0,30.6,0,2026-10-08T13:55:35
2026-10-02 20:00,zhanjiang,20.9,110.6,16.1,124.0,0.0,30.7,0,2026-10-08T13:55:35
2026-10-02 21:00,zhanjiang,20.9,110.6,19.1,136.0,0.0,30.4,0,2026-10-08T13:55:35
2026-10-02 22:00,zhanjiang,20.9,110.6,18.7,140.0,0.0,30.1,0,2026-10-08T13:55:35
2026-10-02 23:00,zhanjiang,20.9,110.6,18.9,139.0,0.0,29.9,0,2026-10-08T13:55:35
2026-10-03 00:00,zhanjiang,20.9,110.6,21.6,139.0,0.0,29.8,0,2026-10-08T13:55:35
2026-10-03 01:00,zhanjiang,20.9,110.6,24.2,147.0,0.0,29.7,0,2026-10-08T13:55:35
2026-10-03 02:00,zhanjiang,20.9,110.6,20.8,155.0,0.0,29.5,0,2026-10-08T13:55:35
2026-10-03 03:00,zhanjiang,20.9,110.6,19.0,165.0,0.0,29.1,0,2026-10-08T13:55:35
2026-10-03 04:00,zhanjiang,20.9,110.6,18.8,159.0,0.0,29.2,0,2026-10-08T13:55:35
2026-10-03 05:00,zhanjiang,20.9,110.6,17.8,159.0,0.0,29.1,0,2026-10-08T13:55:35
2026-10-03 06:00,zhanjiang,20.9,110.6,15.3,150.0,0.0,29.0,0,2026-10-08T13:55:35
2026-10-03 07:00,zhanjiang,20.9,110.6,16.0,144.0,10.0,29.1,0,2026-10-08T13:55:35
2026-10-03 08:00,zhanjiang,20.9,110.6,16.6,162.0,134.0,30.8,0,2026-10-08T13:55:35
2026-10-03 09:00,zhanjiang,20.9,110.6,17.4,167.0,347.0,31.3,0,2026-10-08T13:55:35
2026-10-03 10:00,zhanjiang,20.9,110.6,19.1,160.0,510.0,31.6,0,2026-10-08T13:55:35
2026-10-03 11:00,zhanjiang,20.9,110.6,17.6,156.0,664.0,32.1,0,2026-10-08T13:55:35
2026-10-03 12:00,zhanjiang,20.9,110.6,18.6,153.0,724.0,32.2,0,2026-10-08T13:55:35
2026-10-03 13:00,zhanjiang,20.9,110.6,16.8,151.0,683.0,32.1,0,2026-10-08T13:55:35
2026-10-03 14:00,zhanjiang,20.9,110.6,12.2,135.0,746.0,33.6,0,2026-10-08T13:55:35
2026-10-03 15:00,zhanjiang,20.9,110.6,12.9,117.0,636.0,32.1,0,2026-10-08T13:55:35
2026-10-03 16:00,zhanjiang,20.9,110.6,17.0,117.0,488.0,31.2,0,2026-10-08T13:55:35
2026-10-03 17:00,zhanjiang,20.9,110.6,11.8,149.0,278.0,30.2,0,2026-10-08T13:55:35
2026-10-03 18:00,zhanjiang,20.9,110.6,15.3,162.0,80.0,29.3,0,2026-10-08T13:55:35
2026-10-03 19:00,zhanjiang,20.9,110.6,13.5,150.0,4.0,28.7,0,2026-10-08T13:55:35
2026-10-03 20:00,zhanjiang,20.9,110.6,18.7,136.0,0.0,30.4,0,2026-10-08T13:55:35
2026-10-03 21:00,zhanjiang,20.9,110.6,19.6,136.0,0.0,29.9,0,2026-10-08T13:55:35
2026-10-03 22:00,zhanjiang,20.9,110.6,21.7,138.0,0.0,29.8,0,2026-10-08T13:55:35
2026-10-03 23:00,zhanjiang,20.9,110.6,23.8,142.0,0.0,29.6,0,2026-10-08T13:55:35
2026-10-04 00:00,zhanjiang,20.9,110.6,21.5,156.0,0.0,28.6,0,2026-10-08T13:55:35
2026-10-04 01:00,zhanjiang,20.9,110.6,16.5,149.0,0.0,26.3,0,2026-10-08T13:55:35
2026-10-04 02:00,zhanjiang,20.9,110.6,19.9,151.0,0.0,29.0,0,2026-10-08T13:55:35
2026-10-04 03:00,zhanjiang,20.9,110.6,20.0,150.0,0.0,28.7,0,2026-10-08T13:55:35
2026-10-04 04:00,zhanjiang,20.9,110.6,19.5,144.0,0.0,28.7,0,2026-10-08T13:55:35
2026-10-04 05:00,zhanjiang,20.9,110.6,17.4,148.0,0.0,28.7,0,2026-10-08T13:55:35
2026-10-04 06:00,zhanjiang,20.9,110.6,12.1,136.0,0.0,27.1,0,2026-10-08T13:55:35
2026-10-04 07:00,zhanjiang,20.9,110.6,13.3,167.0,6.0,26.1,0,2026-10-08T13:55:35
2026-10-04 08:00,zhanjiang,20.9,110.6,14.9,160.0,87.0,30.2,0,2026-10-08T13:55:35
2026-10-04 09:00,zhanjiang,20.9,110.6,14.4,168.0,303.0,30.3,0,2026-10-08T13:55:35
2026-10-04 10:00,zhanjiang,20.9,110.6,9.5,165.0,452.0,30.8,0,2026-10-08T13:55:35
2026-10-04 11:00,zhanjiang,20.9,110.6,8.4,164.0,656.0,31.4,0,2026-10-08T13:55:35
2026-10-04 12:00,zhanjiang,20.9,110.6,7.2,141.0,732.0,31.9,0,2026-10-08T13:55:35
2026-10-04 13:00,zhanjiang,20.9,110.6,5.4,124.0,819.0,32.2,0,2026-10-08T13:55:35
2026-10-04 14:00,zhanjiang,20.9,110.6,11.5,99.0,726.0,32.8,0,2026-10-08T13:55:35
2026-10-04 15:00,zhanjiang,20.9,110.6,13.0,87.0,704.0,32.5,0,2026-10-08T13:55:35
2026-10-04 16:00,zhanjiang,20.9,110.6,12.4,98.0,506.0,31.8,0,2026-10-08T13:55:35
2026-10-04 17:00,zhanjiang,20.9,110.6,6.4,22.0,290.0,30.0,0,2026-10-08T13:55:35
2026-10-04 18:00,zhanjiang,20.9,110.6,9.3,65.0,92.0,28.2,0,2026-10-08T13:55:35
2026-10-04 19:00,zhanjiang,20.9,110.6,10.6,1.0,4.0,27.0,0,2026-10-08T13:55:35
2026-10-04 20:00,zhanjiang,20.9,110.6,20.4,9.0,0.0,26.8,0,2026-10-08T13:55:35
2026-10-04 21:00,zhanjiang,20.9,110.6,21.1,15.0,0.0,26.8,0,2026-10-08T13:55:35
2026-10-04 22:00,zhanjiang,20.9,110.6,19.7,9.0,0.0,27.0,0,2026-10-08T13:55:35
2026-10-04 23:00,zhanjiang,20.9,110.6,21.7,19.0,0.0,26.7,0,2026-10-08T13:55:35
2026-10-05 00:00,zhanjiang,20.9,110.6,24.4,20.0,0.0,26.7,0,2026-10-08T13:55:35
2026-10-05 01:00,zhanjiang,20.9,110.6,16.6,13.0,0.0,25.5,0,2026-10-08T13:55:35
2026-10-05 02:00,zhanjiang,20.9,110.6,7.6,4.0,0.0,25.7,0,2026-10-08T13:55:35
2026-10-05 03:00,zhanjiang,20.9,110.6,10.5,33.0,0.0,25.7,0,2026-10-08T13:55:35
2026-10-05 04:00,zhanjiang,20.9,110.6,11.3,42.0,0.0,25.6,0,2026-10-08T13:55:35
2026-10-05 05:00,zhanjiang,20.9,110.6,12.3,29.0,0.0,25.4,0,2026-10-08T13:55:35
2026-10-05 06:00,zhanjiang,20.9,110.6,15.2,10.0,0.0,24.5,0,2026-10-08T13:55:35
2026-10-05 07:00,zhanjiang,20.9,110.6,18.2,16.0,5.0,24.8,0,2026-10-08T13:55:35
2026-10-05 08:00,zhanjiang,20.9,110.6,23.1,351.0,118.0,24.4,0,2026-10-08T13:55:35
2026-10-05 09:00,zhanjiang,20.9,110.6,22.7,357.0,214.0,25.0,0,2026-10-08T13:55:35
2026-10-05 10:00,zhanjiang,20.9,110.6,18.9,356.0,416.0,26.2,0,2026-10-08T13:55:35
2026-10-05 11:00,zhanjiang,20.9,110.6,17.5,1.0,449.0,27.2,0,2026-10-08T13:55:35
2026-10-05 12:00,zhanjiang,20.9,110.6,17.1,359.0,418.0,27.6,0,2026-10-08T13:55:35
2026-10-05 13:00,zhanjiang,20.9,110.6,15.9,23.0,592.0,28.5,0,2026-10-08T13:55:35
2026-10-05 14:00,zhanjiang,20.9,110.6,15.2,13.0,736.0,29.1,0,2026-10-08T13:55:35
2026-10-05 15:00,zhanjiang,20.9,110.6,16.2,4.0,653.0,29.2,0,2026-10-08T13:55:35
2026-10-05 16:00,zhanjiang,20.9,110.6,15.1,9.0,498.0,29.3,0,2026-10-08T13:55:35
2026-10-05 17:00,zhanjiang,20.9,110.6,23.1,347.0,310.0,29.0,0,2026-10-08T13:55:35
2026-10-05 18:00,zhanjiang,20.9,110.6,28.9,343.0,102.0,27.6,0,2026-10-08T13:55:35
2026-10-05 19:00,zhanjiang,20.9,110.6,23.6,353.0,4.0,27.2,0,2026-10-08T13:55:35
2026-10-05 20:00,zhanjiang,20.9,110.6,34.6,12.0,0.0,27.7,0,2026-10-08T13:55:35
2026-10-05 21:00,zhanjiang,20.9,110.6,36.3,4.0,0.0,27.1,0,2026-10-08T13:55:35
2026-10-05 22:00,zhanjiang,20.9,110.6,33.2,3.0,0.0,26.5,0,2026-10-08T13:55:35
2026-10-05 23:00,zhanjiang,20.9,110.6,28.7,4.0,0.0,25.6,0,2026-10-08T13:55:35
2026-10-06 00:00,zhanjiang,20.9,110.6,30.6,6.0,0.0,25.6,0,2026-10-08T13:55:35
2026-10-06 01:00,zhanjiang,20.9,110.6,31.2,7.0,0.0,25.5,0,2026-10-08T13:55:35
2026-10-06 02:00,zhanjiang,20.9,110.6,33.2,4.0,0.0,24.9,0,2026-10-08T13:55:35
2026-10-06 03:00,zhanjiang,20.9,110.6,32.0,359.0,0.0,24.3,0,2026-10-08T13:55:35
2026-10-06 04:00,zhanjiang,20.9,110.6,30.3,2.0,0.0,24.0,0,2026-10-08T13:55:35
2026-10-06 05:00,zhanjiang,20.9,110.6,29.5,358.0,0.0,23.6,0,2026-10-08T13:55:35
2026-10-06 06:00,zhanjiang,20.9,110.6,28.7,356.0,0.0,23.1,0,2026-10-08T13:55:35
2026-10-06 07:00,zhanjiang,20.9,110.6,29.2,359.0,9.0,22.9,0,2026-10-08T13:55:35
2026-10-06 08:00,zhanjiang,20.9,110.6,29.5,359.0,138.0,23.5,0,2026-10-08T13:55:35
2026-10-06 09:00,zhanjiang,20.9,110.6,27.0,7.0,338.0,24.4,0,2026-10-08T13:55:35
2026-10-06 10:00,zhanjiang,20.9,110.6,23.6,22.0,551.0,25.5,0,2026-10-08T13:55:35
2026-10-06 11:00,zhanjiang,20.9,110.6,18.8,38.0,724.0,26.4,0,2026-10-08T13:55:35
2026-10-06 12:00,zhanjiang,20.9,110.6,17.5,42.0,824.0,26.8,0,2026-10-08T13:55:35
2026-10-06 13:00,zhanjiang,20.9,110.6,17.2,40.0,860.0,27.2,0,2026-10-08T13:55:35
2026-10-06 14:00,zhanjiang,20.9,110.6,15.3,38.0,818.0,27.8,0,2026-10-08T13:55:35
2026-10-06 15:00,zhanjiang,20.9,110.6,15.3,34.0,710.0,27.8,0,2026-10-08T13:55:35
2026-10-06 16:00,zhanjiang,20.9,110.6,13.1,48.0,549.0,28.0,0,2026-10-08T13:55:35
2026-10-06 17:00,zhanjiang,20.9,110.6,11.8,78.0,324.0,28.0,0,2026-10-08T13:55:35
2026-10-06 18:00,zhanjiang,20.9,110.6,12.5,79.0,114.0,27.3,0,2026-10-08T13:55:35
2026-10-06 19:00,zhanjiang,20.9,110.6,15.2,76.0,4.0,26.9,0,2026-10-08T13:55:35
2026-10-06 20:00,zhanjiang,20.9,110.6,12.5,72.0,0.0,27.4,0,2026-10-08T13:55:35
2026-10-06 21:00,zhanjiang,20.9,110.6,15.5,39.0,0.0,27.2,0,2026-10-08T13:55:35
2026-10-06 22:00,zhanjiang,20.9,110.6,21.1,56.0,0.0,26.2,0,2026-10-08T13:55:35
2026-10-06 23:00,zhanjiang,20.9,110.6,22.5,60.0,0.0,26.1,0,2026-10-08T13:55:35
2026-10-07 00:00,zhanjiang,20.9,110.6,25.2,57.0,0.0,27.0,0,2026-10-08T13:55:35
2026-10-07 01:00,zhanjiang,20.9,110.6,31.7,58.0,0.0,27.0,0,2026-10-08T13:55:35
2026-10-07 02:00,zhanjiang,20.9,110.6,34.8,56.0,0.0,26.6,0,2026-10-08T13:55:35
2026-10-07 03:00,zhanjiang,20.9,110.6,34.0,53.0,0.0,26.5,0,2026-10-08T13:55:35
2026-10-07 04:00,zhanjiang,20.9,110.6,33.4,49.0,0.0,26.2,0,2026-10-08T13:55:35
2026-10-07 05:00,zhanjiang,20.9,110.6,32.1,45.0,0.0,26.1,0,2026-10-08T13:55:35
2026-10-07 06:00,zhanjiang,20.9,110.6,29.8,40.0,0.0,26.1,0,2026-10-08T13:55:35
2026-10-07 07:00,zhanjiang,20.9,110.6,28.2,38.0,9.0,26.0,0,2026-10-08T13:55:35
2026-10-07 08:00,zhanjiang,20.9,110.6,27.8,43.0,139.0,26.8,0,2026-10-08T13:55:35
2026-10-07 09:00,zhanjiang,20.9,110.6,28.9,52.0,313.0,27.4,0,2026-10-08T13:55:35
2026-10-07 10:00,zhanjiang,20.9,110.6,30.4,58.0,500.0,27.6,0,2026-10-08T13:55:35
2026-10-07 11:00,zhanjiang,20.9,110.6,30.0,58.0,643.0,27.8,0,2026-10-08T13:55:35
2026-10-07 12:00,zhanjiang,20.9,110.6,29.7,61.0,784.0,28.1,0,2026-10-08T13:55:35
2026-10-07 13:00,zhanjiang,20.9,110.6,28.6,63.0,847.0,28.4,0,2026-10-08T13:55:35
2026-10-07 14:00,zhanjiang,20.9,110.6,27.7,65.0,804.0,29.0,0,2026-10-08T13:55:35
2026-10-07 15:00,zhanjiang,20.9,110.6,27.6,67.0,704.0,28.6,0,2026-10-08T13:55:35
2026-10-07 16:00,zhanjiang,20.9,110.6,27.6,66.0,533.0,28.3,0,2026-10-08T13:55:35
2026-10-07 17:00,zhanjiang,20.9,110.6,28.0,69.0,324.0,27.9,0,2026-10-08T13:55:35
2026-10-07 18:00,zhanjiang,20.9,110.6,29.7,77.0,114.0,27.5,0,2026-10-08T13:55:35
2026-10-07 19:00,zhanjiang,20.9,110.6,30.8,81.0,4.0,27.4,0,2026-10-08T13:55:35
2026-10-07 20:00,zhanjiang,20.9,110.6,30.9,82.0,0.0,27.6,0,2026-10-08T13:55:35
2026-10-07 21:00,zhanjiang,20.9,110.6,30.0,82.0,0.0,27.6,0,2026-10-08T13:55:35
2026-10-07 22:00,zhanjiang,20.9,110.6,30.5,78.0,0.0,27.6,0,2026-10-08T13:55:35
2026-10-07 23:00,zhanjiang,20.9,110.6,30.4,76.0,0.0,27.6,0,2026-10-08T13:55:35
2026-10-08 00:00,zhanjiang,20.9,110.6,31.4,74.0,0.0,27.3,0,2026-10-08T13:55:35
2026-10-08 01:00,zhanjiang,20.9,110.6,31.7,75.0,0.0,27.0,0,2026-10-08T13:55:35
2026-10-08 02:00,zhanjiang,20.9,110.6,28.1,67.0,0.0,26.6,0,2026-10-08T13:55:35
2026-10-08 03:00,zhanjiang,20.9,110.6,27.7,61.0,0.0,26.4,0,2026-10-08T13:55:35
2026-10-08 04:00,zhanjiang,20.9,110.6,27.1,63.0,0.0,26.2,0,2026-10-08T13:55:35
2026-10-08 05:00,zhanjiang,20.9,110.6,27.1,59.0,0.0,26.0,0,2026-10-08T13:55:35
2026-10-08 06:00,zhanjiang,20.9,110.6,29.4,58.0,0.0,26.0,0,2026-10-08T13:55:35
2026-10-08 07:00,zhanjiang,20.9,110.6,31.5,62.0,9.0,26.1,0,2026-10-08T13:55:35
2026-10-08 08:00,zhanjiang,20.9,110.6,29.2,52.0,136.0,26.8,0,2026-10-08T13:55:35
2026-10-08 09:00,zhanjiang,20.9,110.6,29.4,50.0,350.0,27.5,0,2026-10-08T13:55:35
2026-10-08 10:00,zhanjiang,20.9,110.6,29.0,52.0,542.0,28.1,0,2026-10-08T13:55:35
2026-10-08 11:00,zhanjiang,20.9,110.6,31.0,56.0,703.0,28.5,0,2026-10-08T13:55:35
2026-10-08 12:00,zhanjiang,20.9,110.6,32.5,63.0,809.0,28.9,0,2026-10-08T13:55:35
2026-10-08 13:00,zhanjiang,20.9,110.6,32.7,64.0,839.0,29.0,0,2026-10-08T13:55:35
2026-10-08 14:00,zhanjiang,20.9,110.6,38.0,74.0,770.0,29.0,0,2026-10-08T13:55:35
2026-10-08 15:00,zhanjiang,20.9,110.6,38.5,74.0,455.0,28.2,0,2026-10-08T13:55:35
2026-10-08 16:00,zhanjiang,20.9,110.6,39.2,76.0,288.0,27.3,0,2026-10-08T13:55:35
2026-10-08 17:00,zhanjiang,20.9,110.6,37.0,83.0,145.0,26.7,0,2026-10-08T13:55:35
2026-10-08 18:00,zhanjiang,20.9,110.6,39.8,85.0,63.0,27.1,0,2026-10-08T13:55:35
2026-10-08 19:00,zhanjiang,20.9,110.6,41.8,90.0,3.0,25.4,0,2026-10-08T13:55:35
2026-10-08 20:00,zhanjiang,20.9,110.6,40.5,80.0,0.0,24.8,0,2026-10-08T13:55:35
2026-10-08 21:00,zhanjiang,20.9,110.6,39.4,71.0,0.0,25.1,0,2026-10-08T13:55:35
2026-10-08 22:00,zhanjiang,20.9,110.6,39.0,77.0,0.0,25.1,0,2026-10-08T13:55:35
2026-10-08 23:00,zhanjiang,20.9,110.6,41.1,77.0,0.0,25.2,0,2026-10-08T13:55:35
2026-10-01 00:00,shaoguan,24.8,113.6,2.3,122.0,0.0,29.3,0,2026-10-08T13:55:35
2026-10-01 01:00,shaoguan,24.8,113.6,15.6,17.0,0.0,28.6,0,2026-10-08T13:55:35
2026-10-01 02:00,shaoguan,24.8,113.6,18.1,25.0,0.0,28.5,0,2026-10-08T13:55:35
2026-10-01 03:00,shaoguan,24.8,113.6,8.3,344.0,0.0,27.5,0,2026-10-08T13:55:35
2026-10-01 04:00,shaoguan,24.8,113.6,10.2,353.0,0.0,26.3,0,2026-10-08T13:55:35
2026-10-01 05:00,shaoguan,24.8,113.6,6.0,3.0,0.0,26.6,0,2026-10-08T13:55:35
2026-10-01 06:00,shaoguan,24.8,113.6,5.0,19.0,0.0,26.5,0,2026-10-08T13:55:35
2026-10-01 07:00,shaoguan,24.8,113.6,5.6,29.0,20.0,26.8,0,2026-10-08T13:55:35
2026-10-01 08:00,shaoguan,24.8,113.6,8.4,20.0,163.0,28.9,0,2026-10-08T13:55:35
2026-10-01 09:00,shaoguan,24.8,113.6,8.4,28.0,369.0,30.4,0,2026-10-08T13:55:35
2026-10-01 10:00,shaoguan,24.8,113.6,4.8,34.0,539.0,31.9,0,2026-10-08T13:55:35
2026-10-01 11:00,shaoguan,24.8,113.6,1.2,63.0,679.0,33.4,0,2026-10-08T13:55:35
2026-10-01 12:00,shaoguan,24.8,113.6,2.8,207.0,767.0,34.6,0,2026-10-08T13:55:35
2026-10-01 13:00,shaoguan,24.8,113.6,2.3,238.0,778.0,34.6,0,2026-10-08T13:55:35
2026-10-01 14:00,shaoguan,24.8,113.6,4.0,18.0,722.0,32.8,0,2026-10-08T13:55:35
2026-10-01 15:00,shaoguan,24.8,113.6,4.1,34.0,448.0,33.4,0,2026-10-08T13:55:35
2026-10-01 16:00,shaoguan,24.8,113.6,12.4,19.0,431.0,33.6,0,2026-10-08T13:55:35
2026-10-01 17:00,shaoguan,24.8,113.6,15.0,7.0,214.0,31.1,0,2026-10-08T13:55:35
2026-10-01 18:00,shaoguan,24.8,113.6,14.4,13.0,69.0,30.1,0,2026-10-08T13:55:35
2026-10-01 19:00,shaoguan,24.8,113.6,10.7,16.0,1.0,27.3,0,2026-10-08T13:55:35
2026-10-01 20:00,shaoguan,24.8,113.6,10.9,338.0,0.0,26.8,0,2026-10-08T13:55:35
2026-10-01 21:00,shaoguan,24.8,113.6,1.7,18.0,0.0,26.9,0,2026-10-08T13:55:35
2026-10-01 22:00,shaoguan,24.8,113.6,6.6,37.0,0.0,27.0,0,2026-10-08T13:55:35
2026-10-01 23:00,shaoguan,24.8,113.6,8.9,6.0,0.0,27.0,0,2026-10-08T13:55:35
2026-10-02 00:00,shaoguan,24.8,113.6,14.6,4.0,0.0,26.8,0,2026-10-08T13:55:35
2026-10-02 01:00,shaoguan,24.8,113.6,12.8,9.0,0.0,26.1,0,2026-10-08T13:55:35
2026-10-02 02:00,shaoguan,24.8,113.6,13.6,340.0,0.0,24.6,0,2026-10-08T13:55:35
2026-10-02 03:00,shaoguan,24.8,113.6,10.1,350.0,0.0,24.8,0,2026-10-08T13:55:35
2026-10-02 04:00,shaoguan,24.8,113.6,11.3,359.0,0.0,24.3,0,2026-10-08T13:55:35
2026-10-02 05:00,shaoguan,24.8,113.6,13.2,5.0,0.0,23.6,0,2026-10-08T13:55:35
2026-10-02 06:00,shaoguan,24.8,113.6,12.5,356.0,0.0,23.2,0,2026-10-08T13:55:35
2026-10-02 07:00,shaoguan,24.8,113.6,7.5,352.0,14.0,23.4,0,2026-10-08T13:55:35
2026-10-02 08:00,shaoguan,24.8,113.6,9.7,10.0,117.0,25.0,0,2026-10-08T13:55:35
2026-10-02 09:00,shaoguan,24.8,113.6,10.1,359.0,183.0,26.0,0,2026-10-08T13:55:35
2026-10-02 10:00,shaoguan,24.8,113.6,11.1,353.0,294.0,26.3,0,2026-10-08T13:55:35
2026-10-02 11:00,shaoguan,24.8,113.6,9.5,345.0,328.0,27.3,0,2026-10-08T13:55:35
2026-10-02 12:00,shaoguan,24.8,113.6,10.1,344.0,449.0,29.0,0,2026-10-08T13:55:35
2026-10-02 13:00,shaoguan,24.8,113.6,12.4,350.0,685.0,31.0,0,2026-10-08T13:55:35
2026-10-02 14:00,shaoguan,24.8,113.6,11.4,3.0,667.0,32.1,0,2026-10-08T13:55:35
2026-10-02 15:00,shaoguan,24.8,113.6,18.0,62.0,293.0,29.3,0,2026-10-08T13:55:35
2026-10-02 16:00,shaoguan,24.8,113.6,12.3,52.0,294.0,29.1,0,2026-10-08T13:55:35
2026-10-02 17:00,shaoguan,24.8,113.6,10.5,129.0,140.0,26.4,0,2026-10-08T13:55:35
2026-10-02 18:00,shaoguan,24.8,113.6,3.4,313.0,38.0,25.4,0,2026-10-08T13:55:35
2026-10-02 19:00,shaoguan,24.8,113.6,6.0,339.0,0.0,25.3,0,2026-10-08T13:55:35
2026-10-02 20:00,shaoguan,24.8,113.6,11.2,359.0,0.0,28.0,0,2026-10-08T13:55:35
2026-10-02 21:00,shaoguan,24.8,113.6,11.6,354.0,0.0,27.2,0,2026-10-08T13:55:35
2026-10-02 22:00,shaoguan,24.8,113.6,11.7,4.0,0.0,27.0,0,2026-10-08T13:55:35
2026-10-02 23:00,shaoguan,24.8,113.6,14.7,15.0,0.0,26.7,0,2026-10-08T13:55:35
2026-10-03 00:00,shaoguan,24.8,113.6,16.8,33.0,0.0,26.6,0,2026-10-08T13:55:35
2026-10-03 01:00,shaoguan,24.8,113.6,16.5,39.0,0.0,26.2,0,2026-10-08T13:55:35
2026-10-03 02:00,shaoguan,24.8,113.6,14.5,34.0,0.0,26.5,0,2026-10-08T13:55:35
2026-10-03 03:00,shaoguan,24.8,113.6,15.6,34.0,0.0,25.8,0,2026-10-08T13:55:35
2026-10-03 04:00,shaoguan,24.8,113.6,13.2,31.0,0.0,25.6,0,2026-10-08T13:55:35
2026-10-03 05:00,shaoguan,24.8,113.6,10.4,36.0,0.0,25.5,0,2026-10-08T13:55:35
2026-10-03 06:00,shaoguan,24.8,113.6,10.2,36.0,0.0,25.0,0,2026-10-08T13:55:35
2026-10-03 07:00,shaoguan,24.8,113.6,7.8,26.0,13.0,24.3,0,2026-10-08T13:55:35
2026-10-03 08:00,shaoguan,24.8,113.6,4.3,360.0,142.0,25.9,0,2026-10-08T13:55:35
2026-10-03 09:00,shaoguan,24.8,113.6,1.2,207.0,327.0,25.9,0,2026-10-08T13:55:35
2026-10-03 10:00,shaoguan,24.8,113.6,7.6,184.0,367.0,25.9,0,2026-10-08T13:55:35
2026-10-03 11:00,shaoguan,24.8,113.6,5.2,192.0,340.0,27.4,0,2026-10-08T13:55:35
2026-10-03 12:00,shaoguan,24.8,113.6,9.3,188.0,633.0,30.5,0,2026-10-08T13:55:35
2026-10-03 13:00,shaoguan,24.8,113.6,7.4,193.0,691.0,31.6,0,2026-10-08T13:55:35
2026-10-03 14:00,shaoguan,24.8,113.6,8.5,186.0,707.0,32.2,0,2026-10-08T13:55:35
2026-10-03 15:00,shaoguan,24.8,113.6,7.7,192.0,568.0,31.4,0,2026-10-08T13:55:35
2026-10-03 16:00,shaoguan,24.8,113.6,18.1,190.0,414.0,29.8,0,2026-10-08T13:55:35
2026-10-03 17:00,shaoguan,24.8,113.6,2.5,249.0,234.0,29.5,0,2026-10-08T13:55:35
2026-10-03 18:00,shaoguan,24.8,113.6,3.4,180.0,60.0,28.6,0,2026-10-08T13:55:35
2026-10-03 19:00,shaoguan,24.8,113.6,4.0,201.0,1.0,28.3,0,2026-10-08T13:55:35
2026-10-03 20:00,shaoguan,24.8,113.6,1.7,342.0,0.0,27.9,0,2026-10-08T13:55:35
2026-10-03 21:00,shaoguan,24.8,113.6,2.9,259.0,0.0,27.2,0,2026-10-08T13:55:35
2026-10-03 22:00,shaoguan,24.8,113.6,1.3,34.0,0.0,26.9,0,2026-10-08T13:55:35
2026-10-03 23:00,shaoguan,24.8,113.6,3.7,349.0,0.0,26.5,0,2026-10-08T13:55:35
2026-10-04 00:00,shaoguan,24.8,113.6,7.8,347.0,0.0,25.5,0,2026-10-08T13:55:35
2026-10-04 01:00,shaoguan,24.8,113.6,9.5,9.0,0.0,24.9,0,2026-10-08T13:55:35
2026-10-04 02:00,shaoguan,24.8,113.6,5.2,335.0,0.0,24.8,0,2026-10-08T13:55:35
2026-10-04 03:00,shaoguan,24.8,113.6,8.8,28.0,0.0,24.3,0,2026-10-08T13:55:35
2026-10-04 04:00,shaoguan,24.8,113.6,9.1,34.0,0.0,24.3,0,2026-10-08T13:55:35
2026-10-04 05:00,shaoguan,24.8,113.6,10.0,18.0,0.0,24.2,0,2026-10-08T13:55:35
2026-10-04 06:00,shaoguan,24.8,113.6,15.7,16.0,0.0,23.4,0,2026-10-08T13:55:35
2026-10-04 07:00,shaoguan,24.8,113.6,16.2,4.0,9.0,22.6,0,2026-10-08T13:55:35
2026-10-04 08:00,shaoguan,24.8,113.6,9.3,16.0,73.0,23.8,0,2026-10-08T13:55:35
2026-10-04 09:00,shaoguan,24.8,113.6,9.6,17.0,170.0,23.8,0,2026-10-08T13:55:35
2026-10-04 10:00,shaoguan,24.8,113.6,9.1,14.0,238.0,23.8,0,2026-10-08T13:55:35
2026-10-04 11:00,shaoguan,24.8,113.6,15.6,14.0,132.0,23.2,0,2026-10-08T13:55:35
2026-10-04 12:00,shaoguan,24.8,113.6,15.7,357.0,541.0,25.0,0,2026-10-08T13:55:35
2026-10-04 13:00,shaoguan,24.8,113.6,20.9,357.0,454.0,25.5,0,2026-10-08T13:55:35
2026-10-04 14:00,shaoguan,24.8,113.6,16.8,356.0,485.0,25.4,0,2026-10-08T13:55:35
2026-10-04 15:00,shaoguan,24.8,113.6,18.2,351.0,311.0,25.7,0,2026-10-08T13:55:35
2026-10-04 16:00,shaoguan,24.8,113.6,17.8,359.0,116.0,25.1,0,2026-10-08T13:55:35
2026-10-04 17:00,shaoguan,24.8,113.6,18.0,2.0,77.0,25.0,0,2026-10-08T13:55:35
2026-10-04 18:00,shaoguan,24.8,113.6,19.8,357.0,23.0,24.7,0,2026-10-08T13:55:35
2026-10-04 19:00,shaoguan,24.8,113.6,18.8,356.0,0.0,24.2,0,2026-10-08T13:55:35
2026-10-04 20:00,shaoguan,24.8,113.6,17.3,349.0,0.0,23.6,0,2026-10-08T13:55:35
2026-10-04 21:00,shaoguan,24.8,113.6,17.1,343.0,0.0,23.3,0,2026-10-08T13:55:35
2026-10-04 22:00,shaoguan,24.8,113.6,16.4,345.0,0.0,22.8,0,2026-10-08T13:55:35
2026-10-04 23:00,shaoguan,24.8,113.6,16.1,347.0,0.0,22.4,0,2026-10-08T13:55:35
2026-10-05 00:00,shaoguan,24.8,113.6,15.1,348.0,0.0,22.3,0,2026-10-08T13:55:35
2026-10-05 01:00,shaoguan,24.8,113.6,16.1,347.0,0.0,22.1,0,2026-10-08T13:55:35
2026-10-05 02:00,shaoguan,24.8,113.6,14.5,349.0,0.0,22.0,0,2026-10-08T13:55:35
2026-10-05 03:00,shaoguan,24.8,113.6,16.7,343.0,0.0,21.8,0,2026-10-08T13:55:35
2026-10-05 04:00,shaoguan,24.8,113.6,17.2,342.0,0.0,21.7,0,2026-10-08T13:55:35
2026-10-05 05:00,shaoguan,24.8,113.6,15.8,346.0,0.0,21.5,0,2026-10-08T13:55:35
2026-10-05 06:00,shaoguan,24.8,113.6,14.4,337.0,0.0,20.4,0,2026-10-08T13:55:35
2026-10-05 07:00,shaoguan,24.8,113.6,14.1,344.0,13.0,20.2,0,2026-10-08T13:55:35
2026-10-05 08:00,shaoguan,24.8,113.6,13.3,347.0,85.0,21.0,0,2026-10-08T13:55:35
2026-10-05 09:00,shaoguan,24.8,113.6,13.1,358.0,143.0,21.3,0,2026-10-08T13:55:35
2026-10-05 10:00,shaoguan,24.8,113.6,12.6,3.0,308.0,22.7,0,2026-10-08T13:55:35
2026-10-05 11:00,shaoguan,24.8,113.6,18.8,17.0,410.0,24.5,0,2026-10-08T13:55:35
2026-10-05 12:00,shaoguan,24.8,113.6,20.4,12.0,363.0,24.9,0,2026-10-08T13:55:35
2026-10-05 13:00,shaoguan,24.8,113.6,20.7,1.0,327.0,24.9,0,2026-10-08T13:55:35
2026-10-05 14:00,shaoguan,24.8,113.6,19.8,358.0,234.0,24.3,0,2026-10-08T13:55:35
2026-10-05 15:00,shaoguan,24.8,113.6,19.2,352.0,196.0,24.2,0,2026-10-08T13:55:35
2026-10-05 16:00,shaoguan,24.8,113.6,20.2,355.0,143.0,23.9,0,2026-10-08T13:55:35
2026-10-05 17:00,shaoguan,24.8,113.6,21.4,0.0,81.0,23.8,0,2026-10-08T13:55:35
2026-10-05 18:00,shaoguan,24.8,113.6,21.8,8.0,28.0,23.1,0,2026-10-08T13:55:35
2026-10-05 19:00,shaoguan,24.8,113.6,22.1,18.0,0.0,22.5,0,2026-10-08T13:55:35
2026-10-05 20:00,shaoguan,24.8,113.6,29.3,32.0,0.0,22.9,0,2026-10-08T13:55:35
2026-10-05 21:00,shaoguan,24.8,113.6,27.9,33.0,0.0,21.8,0,2026-10-08T13:55:35
2026-10-05 22:00,shaoguan,24.8,113.6,25.9,34.0,0.0,21.1,0,2026-10-08T13:55:35
2026-10-05 23:00,shaoguan,24.8,113.6,22.6,31.0,0.0,20.6,0,2026-10-08T13:55:35
2026-10-06 00:00,shaoguan,24.8,113.6,19.1,24.0,0.0,20.0,0,2026-10-08T13:55:35
2026-10-06 01:00,shaoguan,24.8,113.6,17.6,18.0,0.0,19.3,0,2026-10-08T13:55:35
2026-10-06 02:00,shaoguan,24.8,113.6,15.8,11.0,0.0,19.0,0,2026-10-08T13:55:35
2026-10-06 03:00,shaoguan,24.8,113.6,15.0,11.0,0.0,18.3,0,2026-10-08T13:55:35
2026-10-06 04:00,shaoguan,24.8,113.6,16.0,8.0,0.0,18.0,0,2026-10-08T13:55:35
2026-10-06 05:00,shaoguan,24.8,113.6,15.5,1.0,0.0,17.7,0,2026-10-08T13:55:35
2026-10-06 06:00,shaoguan,24.8,113.6,14.2,1.0,0.0,17.4,0,2026-10-08T13:55:35
2026-10-06 07:00,shaoguan,24.8,113.6,15.1,1.0,20.0,17.4,0,2026-10-08T13:55:35
2026-10-06 08:00,shaoguan,24.8,113.6,12.7,6.0,170.0,19.3,0,2026-10-08T13:55:35
2026-10-06 09:00,shaoguan,24.8,113.6,16.2,4.0,376.0,21.0,0,2026-10-08T13:55:35
2026-10-06 10:00,shaoguan,24.8,113.6,19.9,15.0,573.0,22.7,0,2026-10-08T13:55:35
2026-10-06 11:00,shaoguan,24.8,113.6,19.4,21.0,726.0,24.1,0,2026-10-08T13:55:35
2026-10-06 12:00,shaoguan,24.8,113.6,18.0,21.0,818.0,25.5,0,2026-10-08T13:55:35
2026-10-06 13:00,shaoguan,24.8,113.6,17.9,24.0,836.0,26.6,0,2026-10-08T13:55:35
2026-10-06 14:00,shaoguan,24.8,113.6,14.0,28.0,783.0,27.1,0,2026-10-08T13:55:35
2026-10-06 15:00,shaoguan,24.8,113.6,14.0,28.0,659.0,27.5,0,2026-10-08T13:55:35
2026-10-06 16:00,shaoguan,24.8,113.6,14.5,31.0,486.0,27.5,0,2026-10-08T13:55:35
2026-10-06 17:00,shaoguan,24.8,113.6,13.4,50.0,273.0,26.6,0,2026-10-08T13:55:35
2026-10-06 18:00,shaoguan,24.8,113.6,18.7,93.0,76.0,23.9,0,2026-10-08T13:55:35
2026-10-06 19:00,shaoguan,24.8,113.6,21.2,84.0,0.0,22.3,0,2026-10-08T13:55:35
2026-10-06 20:00,shaoguan,24.8,113.6,18.1,73.0,0.0,22.0,0,2026-10-08T13:55:35
2026-10-06 21:00,shaoguan,24.8,113.6,17.0,53.0,0.0,21.1,0,2026-10-08T13:55:35
2026-10-06 22:00,shaoguan,24.8,113.6,17.4,43.0,0.0,20.5,0,2026-10-08T13:55:35
2026-10-06 23:00,shaoguan,24.8,113.6,16.5,34.0,0.0,19.8,0,2026-10-08T13:55:35
2026-10-07 00:00,shaoguan,24.8,113.6,15.1,28.0,0.0,19.0,0,2026-10-08T13:55:35
2026-10-07 01:00,shaoguan,24.8,113.6,12.4,28.0,0.0,18.1,0,2026-10-08T13:55:35
2026-10-07 02:00,shaoguan,24.8,113.6,12.0,36.0,0.0,17.8,0,2026-10-08T13:55:35
2026-10-07 03:00,shaoguan,24.8,113.6,12.8,24.0,0.0,17.0,0,2026-10-08T13:55:35
2026-10-07 04:00,shaoguan,24.8,113.6,13.8,20.0,0.0,16.5,0,2026-10-08T13:55:35
2026-10-07 05:00,shaoguan,24.8,113.6,13.6,18.0,0.0,16.1,0,2026-10-08T13:55:35
2026-10-07 06:00,shaoguan,24.8,113.6,12.2,19.0,0.0,15.7,0,2026-10-08T13:55:35
2026-10-07 07:00,shaoguan,24.8,113.6,10.0,23.0,21.0,16.3,0,2026-10-08T13:55:35
2026-10-07 08:00,shaoguan,24.8,113.6,10.0,26.0,179.0,18.5,0,2026-10-08T13:55:35
2026-10-07 09:00,shaoguan,24.8,113.6,9.1,18.0,396.0,20.9,0,2026-10-08T13:55:35
2026-10-07 10:00,shaoguan,24.8,113.6,12.8,28.0,596.0,23.0,0,2026-10-08T13:55:35
2026-10-07 11:00,shaoguan,24.8,113.6,12.0,36.0,750.0,24.4,0,2026-10-08T13:55:35
2026-10-07 12:00,shaoguan,24.8,113.6,9.5,36.0,836.0,25.4,0,2026-10-08T13:55:35
2026-10-07 13:00,shaoguan,24.8,113.6,7.5,33.0,852.0,26.3,0,2026-10-08T13:55:35
2026-10-07 14:00,shaoguan,24.8,113.6,6.3,35.0,794.0,27.0,0,2026-10-08T13:55:35
2026-10-07 15:00,shaoguan,24.8,113.6,5.2,31.0,670.0,27.3,0,2026-10-08T13:55:35
2026-10-07 16:00,shaoguan,24.8,113.6,5.2,41.0,491.0,27.3,0,2026-10-08T13:55:35
2026-10-07 17:00,shaoguan,24.8,113.6,4.4,52.0,278.0,26.9,0,2026-10-08T13:55:35
2026-10-07 18:00,shaoguan,24.8,113.6,7.9,77.0,77.0,24.6,0,2026-10-08T13:55:35
2026-10-07 19:00,shaoguan,24.8,113.6,11.7,86.0,0.0,22.6,0,2026-10-08T13:55:35
2026-10-07 20:00,shaoguan,24.8,113.6,11.8,71.0,0.0,22.0,0,2026-10-08T13:55:35
2026-10-07 21:00,shaoguan,24.8,113.6,11.5,50.0,0.0,21.1,0,2026-10-08T13:55:35
2026-10-07 22:00,shaoguan,24.8,113.6,10.7,41.0,0.0,20.6,0,2026-10-08T13:55:35
2026-10-07 23:00,shaoguan,24.8,113.6,10.4,20.0,0.0,20.2,0,2026-10-08T13:55:35
2026-10-08 00:00,shaoguan,24.8,113.6,10.2,14.0,0.0,19.8,0,2026-10-08T13:55:35
2026-10-08 01:00,shaoguan,24.8,113.6,9.7,31.0,0.0,19.0,0,2026-10-08T13:55:35
2026-10-08 02:00,shaoguan,24.8,113.6,9.6,41.0,0.0,18.4,0,2026-10-08T13:55:35
2026-10-08 03:00,shaoguan,24.8,113.6,10.5,22.0,0.0,17.4,0,2026-10-08T13:55:35
2026-10-08 04:00,shaoguan,24.8,113.6,10.7,14.0,0.0,16.9,0,2026-10-08T13:55:35
2026-10-08 05:00,shaoguan,24.8,113.6,9.9,15.0,0.0,16.6,0,2026-10-08T13:55:35
2026-10-08 06:00,shaoguan,24.8,113.6,8.7,22.0,0.0,16.3,0,2026-10-08T13:55:35
2026-10-08 07:00,shaoguan,24.8,113.6,7.5,20.0,20.0,16.9,0,2026-10-08T13:55:35
2026-10-08 08:00,shaoguan,24.8,113.6,6.2,7.0,173.0,18.8,0,2026-10-08T13:55:35
2026-10-08 09:00,shaoguan,24.8,113.6,4.9,2.0,384.0,21.2,0,2026-10-08T13:55:35
2026-10-08 10:00,shaoguan,24.8,113.6,6.7,3.0,579.0,23.4,0,2026-10-08T13:55:35
2026-10-08 11:00,shaoguan,24.8,113.6,6.4,11.0,729.0,25.2,0,2026-10-08T13:55:35
2026-10-08 12:00,shaoguan,24.8,113.6,2.4,17.0,817.0,26.6,0,2026-10-08T13:55:35
2026-10-08 13:00,shaoguan,24.8,113.6,2.2,336.0,829.0,27.5,0,2026-10-08T13:55:35
2026-10-08 14:00,shaoguan,24.8,113.6,2.7,332.0,779.0,28.2,0,2026-10-08T13:55:35
2026-10-08 15:00,shaoguan,24.8,113.6,2.4,347.0,657.0,28.6,0,2026-10-08T13:55:35
2026-10-08 16:00,shaoguan,24.8,113.6,2.0,27.0,483.0,28.6,0,2026-10-08T13:55:35
2026-10-08 17:00,shaoguan,24.8,113.6,3.1,13.0,273.0,28.1,0,2026-10-08T13:55:35
2026-10-08 18:00,shaoguan,24.8,113.6,3.1,357.0,74.0,25.6,0,2026-10-08T13:55:35
2026-10-08 19:00,shaoguan,24.8,113.6,4.9,24.0,0.0,24.0,0,2026-10-08T13:55:35
2026-10-08 20:00,shaoguan,24.8,113.6,7.7,30.0,0.0,23.0,0,2026-10-08T13:55:35
2026-10-08 21:00,shaoguan,24.8,113.6,6.6,9.0,0.0,22.3,0,2026-10-08T13:55:35
2026-10-08 22:00,shaoguan,24.8,113.6,8.4,350.0,0.0,21.7,0,2026-10-08T13:55:35
2026-10-08 23:00,shaoguan,24.8,113.6,8.8,9.0,0.0,21.1,0,2026-10-08T13:55:35
2026-10-08 00:00,guangzhou,23.13,113.26,18.1,23.0,0.0,22.0,1,2026-10-08T13:55:35
2026-10-08 01:00,guangzhou,23.13,113.26,16.5,35.0,0.0,21.6,1,2026-10-08T13:55:35
2026-10-08 02:00,guangzhou,23.13,113.26,16.3,42.0,0.0,21.6,1,2026-10-08T13:55:35
2026-10-08 03:00,guangzhou,23.13,113.26,16.9,52.0,0.0,21.1,1,2026-10-08T13:55:35
2026-10-08 04:00,guangzhou,23.13,113.26,17.7,51.0,0.0,20.9,1,2026-10-08T13:55:35
2026-10-08 05:00,guangzhou,23.13,113.26,17.3,46.0,0.0,20.8,1,2026-10-08T13:55:35
2026-10-08 06:00,guangzhou,23.13,113.26,18.1,38.0,0.0,20.5,1,2026-10-08T13:55:35
2026-10-08 07:00,guangzhou,23.13,113.26,18.9,32.0,19.0,20.5,1,2026-10-08T13:55:35
2026-10-08 08:00,guangzhou,23.13,113.26,17.6,38.0,168.0,21.9,1,2026-10-08T13:55:35
2026-10-08 09:00,guangzhou,23.13,113.26,11.6,33.0,372.0,23.9,1,2026-10-08T13:55:35
2026-10-08 10:00,guangzhou,23.13,113.26,12.4,40.0,574.0,25.7,1,2026-10-08T13:55:35
2026-10-08 11:00,guangzhou,23.13,113.26,11.2,46.0,726.0,27.1,1,2026-10-08T13:55:35
2026-10-08 12:00,guangzhou,23.13,113.26,10.0,52.0,796.0,28.0,1,2026-10-08T13:55:35
2026-10-08 13:00,guangzhou,23.13,113.26,7.8,67.0,819.0,28.6,1,2026-10-08T13:55:35
2026-10-08 14:00,guangzhou,23.13,113.26,7.2,68.0,777.0,29.0,1,2026-10-08T13:55:35
2026-10-08 15:00,guangzhou,23.13,113.26,6.4,82.0,660.0,29.1,1,2026-10-08T13:55:35
2026-10-08 16:00,guangzhou,23.13,113.26,8.1,73.0,480.0,29.0,1,2026-10-08T13:55:35
2026-10-08 17:00,guangzhou,23.13,113.26,9.2,73.0,269.0,28.3,1,2026-10-08T13:55:35
2026-10-08 18:00,guangzhou,23.13,113.26,8.7,95.0,73.0,27.1,1,2026-10-08T13:55:35
2026-10-08 19:00,guangzhou,23.13,113.26,9.0,100.0,0.0,26.3,1,2026-10-08T13:55:35
2026-10-08 20:00,guangzhou,23.13,113.26,11.0,88.0,0.0,25.7,1,2026-10-08T13:55:35
2026-10-08 21:00,guangzhou,23.13,113.26,13.0,79.0,0.0,25.0,1,2026-10-08T13:55:35
2026-10-08 22:00,guangzhou,23.13,113.26,11.8,70.0,0.0,24.5,1,2026-10-08T13:55:35
2026-10-08 23:00,guangzhou,23.13,113.26,10.3,85.0,0.0,23.9,1,2026-10-08T13:55:35
2026-10-09 00:00,guangzhou,23.13,113.26,15.4,111.0,0.0,23.4,1,2026-10-08T13:55:35
2026-10-09 01:00,guangzhou,23.13,113.26,11.4,111.0,0.0,23.1,1,2026-10-08T13:55:35
2026-10-09 02:00,guangzhou,23.13,113.26,12.4,106.0,0.0,22.9,1,2026-10-08T13:55:35
2026-10-09 03:00,guangzhou,23.13,113.26,13.9,94.0,0.0,22.9,1,2026-10-08T13:55:35
2026-10-09 04:00,guangzhou,23.13,113.26,15.0,87.0,0.0,22.8,1,2026-10-08T13:55:35
2026-10-09 05:00,guangzhou,23.13,113.26,16.2,81.0,0.0,22.7,1,2026-10-08T13:55:35
2026-10-09 06:00,guangzhou,23.13,113.26,16.8,85.0,0.0,22.6,1,2026-10-08T13:55:35
2026-10-09 07:00,guangzhou,23.13,113.26,18.7,90.0,18.0,22.9,1,2026-10-08T13:55:35
2026-10-09 08:00,guangzhou,23.13,113.26,14.2,92.0,165.0,24.2,1,2026-10-08T13:55:35
2026-10-09 09:00,guangzhou,23.13,113.26,9.9,86.0,373.0,25.8,1,2026-10-08T13:55:35
2026-10-09 10:00,guangzhou,23.13,113.26,8.5,63.0,559.0,27.2,1,2026-10-08T13:55:35
2026-10-09 11:00,guangzhou,23.13,113.26,8.8,57.0,704.0,28.2,1,2026-10-08T13:55:35
2026-10-09 12:00,guangzhou,23.13,113.26,8.7,58.0,812.0,29.0,1,2026-10-08T13:55:35
2026-10-09 13:00,guangzhou,23.13,113.26,7.5,57.0,829.0,29.6,1,2026-10-08T13:55:35
2026-10-09 14:00,guangzhou,23.13,113.26,7.0,42.0,726.0,30.0,1,2026-10-08T13:55:35
2026-10-09 15:00,guangzhou,23.13,113.26,7.1,34.0,636.0,30.2,1,2026-10-08T13:55:35
2026-10-09 16:00,guangzhou,23.13,113.26,8.8,35.0,415.0,29.9,1,2026-10-08T13:55:35
2026-10-09 17:00,guangzhou,23.13,113.26,9.6,41.0,241.0,29.3,1,2026-10-08T13:55:35
2026-10-09 18:00,guangzhou,23.13,113.26,8.4,48.0,42.0,28.1,1,2026-10-08T13:55:35
2026-10-09 19:00,guangzhou,23.13,113.26,4.7,99.0,0.0,27.5,1,2026-10-08T13:55:35
2026-10-09 20:00,guangzhou,23.13,113.26,5.0,134.0,0.0,26.7,1,2026-10-08T13:55:35
2026-10-09 21:00,guangzhou,23.13,113.26,2.3,51.0,0.0,26.0,1,2026-10-08T13:55:35
2026-10-09 22:00,guangzhou,23.13,113.26,5.7,46.0,0.0,25.2,1,2026-10-08T13:55:35
2026-10-09 23:00,guangzhou,23.13,113.26,9.7,66.0,0.0,24.7,1,2026-10-08T13:55:35
2026-10-10 00:00,guangzhou,23.13,113.26,13.5,56.0,0.0,24.3,1,2026-10-08T13:55:35
2026-10-10 01:00,guangzhou,23.13,113.26,14.5,78.0,0.0,23.7,1,2026-10-08T13:55:35
2026-10-10 02:00,guangzhou,23.13,113.26,13.9,92.0,0.0,23.2,1,2026-10-08T13:55:35
2026-10-10 03:00,guangzhou,23.13,113.26,12.3,78.0,0.0,22.9,1,2026-10-08T13:55:35
2026-10-10 04:00,guangzhou,23.13,113.26,10.0,77.0,0.0,22.5,1,2026-10-08T13:55:35
2026-10-10 05:00,guangzhou,23.13,113.26,8.8,64.0,0.0,22.1,1,2026-10-08T13:55:35
2026-10-10 06:00,guangzhou,23.13,113.26,10.2,42.0,0.0,21.8,1,2026-10-08T13:55:35
2026-10-10 07:00,guangzhou,23.13,113.26,12.4,34.0,18.0,22.0,1,2026-10-08T13:55:35
2026-10-10 08:00,guangzhou,23.13,113.26,12.6,31.0,166.0,23.4,1,2026-10-08T13:55:35
2026-10-10 09:00,guangzhou,23.13,113.26,7.0,35.0,389.0,25.7,1,2026-10-08T13:55:35
2026-10-10 10:00,guangzhou,23.13,113.26,6.2,41.0,588.0,27.3,1,2026-10-08T13:55:35
2026-10-10 11:00,guangzhou,23.13,113.26,6.6,41.0,741.0,28.6,1,2026-10-08T13:55:35
2026-10-10 12:00,guangzhou,23.13,113.26,7.7,41.0,831.0,29.6,1,2026-10-08T13:55:35
2026-10-10 13:00,guangzhou,23.13,113.26,8.2,38.0,850.0,30.4,1,2026-10-08T13:55:35
2026-10-10 14:00,guangzhou,23.13,113.26,8.2,32.0,794.0,30.8,1,2026-10-08T13:55:35
2026-10-10 15:00,guangzhou,23.13,113.26,9.3,29.0,670.0,31.1,1,2026-10-08T13:55:35
2026-10-10 16:00,guangzhou,23.13,113.26,11.1,31.0,489.0,30.9,1,2026-10-08T13:55:35
2026-10-10 17:00,guangzhou,23.13,113.26,12.4,41.0,276.0,30.1,1,2026-10-08T13:55:35
2026-10-10 18:00,guangzhou,23.13,113.26,11.4,53.0,76.0,28.4,1,2026-10-08T13:55:35
2026-10-10 19:00,guangzhou,23.13,113.26,9.9,58.0,0.0,27.6,1,2026-10-08T13:55:35
2026-10-10 20:00,guangzhou,23.13,113.26,9.8,59.0,0.0,26.7,1,2026-10-08T13:55:35
2026-10-10 21:00,guangzhou,23.13,113.26,8.4,55.0,0.0,26.0,1,2026-10-08T13:55:35
2026-10-10 22:00,guangzhou,23.13,113.26,11.0,64.0,0.0,25.3,1,2026-10-08T13:55:35
2026-10-10 23:00,guangzhou,23.13,113.26,14.2,55.0,0.0,24.9,1,2026-10-08T13:55:35
2026-10-11 00:00,guangzhou,23.13,113.26,16.8,53.0,0.0,24.6,1,2026-10-08T13:55:35
2026-10-11 01:00,guangzhou,23.13,113.26,15.6,56.0,0.0,24.0,1,2026-10-08T13:55:35
2026-10-11 02:00,guangzhou,23.13,113.26,13.1,58.0,0.0,23.4,1,2026-10-08T13:55:35
2026-10-11 03:00,guangzhou,23.13,113.26,12.7,38.0,0.0,23.0,1,2026-10-08T13:55:35
2026-10-11 04:00,guangzhou,23.13,113.26,15.6,27.0,0.0,22.5,1,2026-10-08T13:55:35
2026-10-11 05:00,guangzhou,23.13,113.26,17.6,28.0,0.0,22.2,1,2026-10-08T13:55:35
2026-10-11 06:00,guangzhou,23.13,113.26,18.0,31.0,0.0,21.9,1,2026-10-08T13:55:35
2026-10-11 07:00,guangzhou,23.13,113.26,17.6,34.0,18.0,22.1,1,2026-10-08T13:55:35
2026-10-11 08:00,guangzhou,23.13,113.26,15.9,35.0,172.0,23.7,1,2026-10-08T13:55:35
2026-10-11 09:00,guangzhou,23.13,113.26,8.6,33.0,386.0,26.0,1,2026-10-08T13:55:35
2026-10-11 10:00,guangzhou,23.13,113.26,7.8,50.0,584.0,27.8,1,2026-10-08T13:55:35
2026-10-11 11:00,guangzhou,23.13,113.26,8.4,62.0,737.0,29.2,1,2026-10-08T13:55:35
2026-10-11 12:00,guangzhou,23.13,113.26,6.8,68.0,825.0,30.2,1,2026-10-08T13:55:35
2026-10-11 13:00,guangzhou,23.13,113.26,5.4,75.0,843.0,31.0,1,2026-10-08T13:55:35
2026-10-11 14:00,guangzhou,23.13,113.26,5.1,86.0,788.0,31.6,1,2026-10-08T13:55:35
2026-10-11 15:00,guangzhou,23.13,113.26,5.8,97.0,664.0,31.8,1,2026-10-08T13:55:35
2026-10-11 16:00,guangzhou,23.13,113.26,6.8,102.0,485.0,31.6,1,2026-10-08T13:55:35
2026-10-11 17:00,guangzhou,23.13,113.26,8.4,97.0,271.0,31.0,1,2026-10-08T13:55:35
2026-10-11 18:00,guangzhou,23.13,113.26,11.2,101.0,72.0,29.4,1,2026-10-08T13:55:35
2026-10-11 19:00,guangzhou,23.13,113.26,10.7,96.0,0.0,28.4,1,2026-10-08T13:55:35
2026-10-11 20:00,guangzhou,23.13,113.26,9.7,90.0,0.0,27.8,1,2026-10-08T13:55:35
2026-10-11 21:00,guangzhou,23.13,113.26,9.0,112.0,0.0,27.1,1,2026-10-08T13:55:35
2026-10-11 22:00,guangzhou,23.13,113.26,10.4,144.0,0.0,26.6,1,2026-10-08T13:55:35
2026-10-11 23:00,guangzhou,23.13,113.26,12.6,160.0,0.0,26.1,1,2026-10-08T13:55:35
2026-10-12 00:00,guangzhou,23.13,113.26,13.1,165.0,0.0,25.4,1,2026-10-08T13:55:35
2026-10-12 01:00,guangzhou,23.13,113.26,12.2,166.0,0.0,24.7,1,2026-10-08T13:55:35
2026-10-12 02:00,guangzhou,23.13,113.26,10.9,163.0,0.0,24.1,1,2026-10-08T13:55:35
2026-10-12 03:00,guangzhou,23.13,113.26,9.8,150.0,0.0,23.7,1,2026-10-08T13:55:35
2026-10-12 04:00,guangzhou,23.13,113.26,9.4,128.0,0.0,23.5,1,2026-10-08T13:55:35
2026-10-12 05:00,guangzhou,23.13,113.26,9.6,111.0,0.0,23.5,1,2026-10-08T13:55:35
2026-10-12 06:00,guangzhou,23.13,113.26,9.1,100.0,0.0,23.8,1,2026-10-08T13:55:35
2026-10-12 07:00,guangzhou,23.13,113.26,8.3,91.0,15.0,24.4,1,2026-10-08T13:55:35
2026-10-12 08:00,guangzhou,23.13,113.26,7.4,86.0,162.0,25.2,1,2026-10-08T13:55:35
2026-10-12 09:00,guangzhou,23.13,113.26,6.5,87.0,373.0,26.5,1,2026-10-08T13:55:35
2026-10-12 10:00,guangzhou,23.13,113.26,5.6,96.0,554.0,28.2,1,2026-10-08T13:55:35
2026-10-12 11:00,guangzhou,23.13,113.26,5.1,108.0,693.0,29.6,1,2026-10-08T13:55:35
2026-10-12 12:00,guangzhou,23.13,113.26,5.2,124.0,799.0,30.7,1,2026-10-08T13:55:35
2026-10-12 13:00,guangzhou,23.13,113.26,6.0,139.0,810.0,31.6,1,2026-10-08T13:55:35
2026-10-12 14:00,guangzhou,23.13,113.26,6.6,145.0,746.0,32.2,1,2026-10-08T13:55:35
2026-10-12 15:00,guangzhou,23.13,113.26,6.7,146.0,613.0,32.4,1,2026-10-08T13:55:35
2026-10-12 16:00,guangzhou,23.13,113.26,6.7,144.0,450.0,32.3,1,2026-10-08T13:55:35
2026-10-12 17:00,guangzhou,23.13,113.26,5.8,141.0,260.0,32.0,1,2026-10-08T13:55:35
2026-10-12 18:00,guangzhou,23.13,113.26,2.7,132.0,66.0,31.3,1,2026-10-08T13:55:35
2026-10-12 19:00,guangzhou,23.13,113.26,1.5,346.0,0.0,30.3,1,2026-10-08T13:55:35
2026-10-12 20:00,guangzhou,23.13,113.26,2.8,325.0,0.0,29.3,1,2026-10-08T13:55:35
2026-10-12 21:00,guangzhou,23.13,113.26,2.2,215.0,0.0,28.4,1,2026-10-08T13:55:35
2026-10-12 22:00,guangzhou,23.13,113.26,8.1,179.0,0.0,27.5,1,2026-10-08T13:55:35
2026-10-12 23:00,guangzhou,23.13,113.26,12.6,175.0,0.0,26.6,1,2026-10-08T13:55:35
2026-10-13 00:00,guangzhou,23.13,113.26,12.7,174.0,0.0,25.8,1,2026-10-08T13:55:35
2026-10-13 01:00,guangzhou,23.13,113.26,10.7,174.0,0.0,25.0,1,2026-10-08T13:55:35
2026-10-13 02:00,guangzhou,23.13,113.26,9.0,174.0,0.0,24.4,1,2026-10-08T13:55:35
2026-10-13 03:00,guangzhou,23.13,113.26,9.1,173.0,0.0,24.0,1,2026-10-08T13:55:35
2026-10-13 04:00,guangzhou,23.13,113.26,9.2,173.0,0.0,23.6,1,2026-10-08T13:55:35
2026-10-13 05:00,guangzhou,23.13,113.26,8.9,171.0,0.0,23.6,1,2026-10-08T13:55:35
2026-10-13 06:00,guangzhou,23.13,113.26,7.1,164.0,0.0,23.8,1,2026-10-08T13:55:35
2026-10-13 07:00,guangzhou,23.13,113.26,5.1,148.0,14.0,24.3,1,2026-10-08T13:55:35
2026-10-13 08:00,guangzhou,23.13,113.26,3.6,127.0,160.0,25.1,1,2026-10-08T13:55:35
2026-10-13 09:00,guangzhou,23.13,113.26,2.6,115.0,369.0,26.6,1,2026-10-08T13:55:35
2026-10-13 10:00,guangzhou,23.13,113.26,1.5,120.0,550.0,28.4,1,2026-10-08T13:55:35
2026-10-13 11:00,guangzhou,23.13,113.26,0.6,108.0,692.0,30.1,1,2026-10-08T13:55:35
2026-10-13 12:00,guangzhou,23.13,113.26,0.4,27.0,810.0,31.6,1,2026-10-08T13:55:35
2026-10-13 13:00,guangzhou,23.13,113.26,0.9,11.0,821.0,32.9,1,2026-10-08T13:55:35
2026-10-13 14:00,guangzhou,23.13,113.26,2.1,31.0,755.0,33.7,1,2026-10-08T13:55:35
2026-10-13 15:00,guangzhou,23.13,113.26,5.6,45.0,611.0,33.9,1,2026-10-08T13:55:35
2026-10-13 16:00,guangzhou,23.13,113.26,10.2,49.0,449.0,33.6,1,2026-10-08T13:55:35
2026-10-13 17:00,guangzhou,23.13,113.26,13.0,53.0,260.0,33.0,1,2026-10-08T13:55:35
2026-10-13 18:00,guangzhou,23.13,113.26,13.2,60.0,66.0,32.0,1,2026-10-08T13:55:35
2026-10-13 19:00,guangzhou,23.13,113.26,11.7,70.0,0.0,30.7,1,2026-10-08T13:55:35
2026-10-13 20:00,guangzhou,23.13,113.26,10.3,86.0,0.0,29.5,1,2026-10-08T13:55:35
2026-10-13 21:00,guangzhou,23.13,113.26,9.7,114.0,0.0,28.5,1,2026-10-08T13:55:35
2026-10-13 22:00,guangzhou,23.13,113.26,11.7,143.0,0.0,27.6,1,2026-10-08T13:55:35
2026-10-13 23:00,guangzhou,23.13,113.26,14.3,157.0,0.0,26.8,1,2026-10-08T13:55:35
2026-10-14 00:00,guangzhou,23.13,113.26,14.4,160.0,0.0,26.1,1,2026-10-08T13:55:35
2026-10-14 01:00,guangzhou,23.13,113.26,13.2,158.0,0.0,25.6,1,2026-10-08T13:55:35
2026-10-14 02:00,guangzhou,23.13,113.26,12.1,157.0,0.0,25.3,1,2026-10-08T13:55:35
2026-10-14 03:00,guangzhou,23.13,113.26,9.6,159.0,0.0,25.1,1,2026-10-08T13:55:35
2026-10-14 04:00,guangzhou,23.13,113.26,7.7,155.0,0.0,24.9,1,2026-10-08T13:55:35
2026-10-14 05:00,guangzhou,23.13,113.26,5.5,144.0,0.0,24.9,1,2026-10-08T13:55:35
2026-10-14 06:00,guangzhou,23.13,113.26,3.9,118.0,0.0,25.1,1,2026-10-08T13:55:35
2026-10-14 07:00,guangzhou,23.13,113.26,3.7,79.0,15.0,25.4,1,2026-10-08T13:55:35
2026-10-14 08:00,guangzhou,23.13,113.26,4.4,60.0,165.0,26.0,1,2026-10-08T13:55:35
2026-10-14 09:00,guangzhou,23.13,113.26,4.9,54.0,399.0,27.0,1,2026-10-08T13:55:35
2026-10-14 10:00,guangzhou,23.13,113.26,5.1,51.0,583.0,28.5,1,2026-10-08T13:55:35
2026-10-14 11:00,guangzhou,23.13,113.26,5.4,50.0,720.0,30.3,1,2026-10-08T13:55:35
2026-10-14 12:00,guangzhou,23.13,113.26,5.4,56.0,796.0,31.9,1,2026-10-08T13:55:35
2026-10-14 13:00,guangzhou,23.13,113.26,5.4,64.0,805.0,33.2,1,2026-10-08T13:55:35
2026-10-14 14:00,guangzhou,23.13,113.26,5.4,76.0,747.0,33.9,1,2026-10-08T13:55:35
2026-10-14 15:00,guangzhou,23.13,113.26,6.0,95.0,591.0,33.8,1,2026-10-08T13:55:35
2026-10-14 16:00,guangzhou,23.13,113.26,7.6,115.0,440.0,33.2,1,2026-10-08T13:55:35
2026-10-14 17:00,guangzhou,23.13,113.26,10.0,128.0,258.0,32.3,1,2026-10-08T13:55:35
2026-10-14 18:00,guangzhou,23.13,113.26,12.7,136.0,66.0,31.2,1,2026-10-08T13:55:35
2026-10-14 19:00,guangzhou,23.13,113.26,15.0,140.0,0.0,30.2,1,2026-10-08T13:55:35
2026-10-14 20:00,guangzhou,23.13,113.26,16.3,143.0,0.0,29.3,1,2026-10-08T13:55:35
2026-10-14 21:00,guangzhou,23.13,113.26,16.6,143.0,0.0,28.6,1,2026-10-08T13:55:35
2026-10-14 22:00,guangzhou,23.13,113.26,16.0,144.0,0.0,27.9,1,2026-10-08T13:55:35
2026-10-14 23:00,guangzhou,23.13,113.26,14.8,143.0,0.0,27.2,1,2026-10-08T13:55:35
2026-10-01 00:00,yangjiang_offshore,21.75,112.2,17.7,205.0,0.0,28.7,0,2026-10-08T07:38:25
2026-10-01 01:00,yangjiang_offshore,21.75,112.2,16.3,213.0,0.0,28.5,0,2026-10-08T07:38:25
2026-10-01 02:00,yangjiang_offshore,21.75,112.2,14.6,231.0,0.0,28.5,0,2026-10-08T07:38:25
2026-10-01 03:00,yangjiang_offshore,21.75,112.2,15.0,237.0,0.0,28.3,0,2026-10-08T07:38:25
2026-10-01 04:00,yangjiang_offshore,21.75,112.2,15.6,243.0,0.0,28.1,0,2026-10-08T07:38:25
2026-10-01 05:00,yangjiang_offshore,21.75,112.2,15.1,245.0,0.0,28.0,0,2026-10-08T07:38:25
2026-10-01 06:00,yangjiang_offshore,21.75,112.2,14.7,248.0,0.0,27.8,0,2026-10-08T07:38:25
2026-10-01 07:00,yangjiang_offshore,21.75,112.2,12.6,251.0,18.0,28.2,0,2026-10-08T07:38:25
2026-10-01 08:00,yangjiang_offshore,21.75,112.2,8.6,259.0,171.0,29.6,0,2026-10-08T07:38:25
2026-10-01 09:00,yangjiang_offshore,21.75,112.2,8.2,248.0,386.0,30.3,0,2026-10-08T07:38:25
2026-10-01 10:00,yangjiang_offshore,21.75,112.2,9.4,235.0,587.0,31.0,0,2026-10-08T07:38:25
2026-10-01 11:00,yangjiang_offshore,21.75,112.2,12.1,229.0,745.0,31.4,0,2026-10-08T07:38:25
2026-10-01 12:00,yangjiang_offshore,21.75,112.2,14.0,222.0,828.0,31.5,0,2026-10-08T07:38:25
2026-10-01 13:00,yangjiang_offshore,21.75,112.2,14.9,212.0,859.0,31.3,0,2026-10-08T07:38:25
2026-10-01 14:00,yangjiang_offshore,21.75,112.2,15.2,210.0,792.0,31.8,0,2026-10-08T07:38:25
2026-10-01 15:00,yangjiang_offshore,21.75,112.2,14.5,207.0,621.0,31.0,0,2026-10-08T07:38:25
2026-10-01 16:00,yangjiang_offshore,21.75,112.2,15.5,219.0,486.0,30.5,0,2026-10-08T07:38:25
2026-10-01 17:00,yangjiang_offshore,21.75,112.2,13.9,222.0,295.0,30.0,0,2026-10-08T07:38:25
2026-10-01 18:00,yangjiang_offshore,21.75,112.2,9.7,209.0,106.0,29.5,0,2026-10-08T07:38:25
2026-10-01 19:00,yangjiang_offshore,21.75,112.2,11.1,207.0,3.0,29.0,0,2026-10-08T07:38:25
2026-10-01 20:00,yangjiang_offshore,21.75,112.2,11.8,219.0,0.0,29.7,0,2026-10-08T07:38:25
2026-10-01 21:00,yangjiang_offshore,21.75,112.2,11.6,215.0,0.0,29.3,0,2026-10-08T07:38:25
2026-10-01 22:00,yangjiang_offshore,21.75,112.2,12.9,210.0,0.0,29.2,0,2026-10-08T07:38:25
2026-10-01 23:00,yangjiang_offshore,21.75,112.2,9.8,216.0,0.0,28.8,0,2026-10-08T07:38:25
2026-10-02 00:00,yangjiang_offshore,21.75,112.2,8.3,210.0,0.0,28.6,0,2026-10-08T07:38:25
2026-10-02 01:00,yangjiang_offshore,21.75,112.2,1.5,225.0,0.0,27.7,0,2026-10-08T07:38:25
2026-10-02 02:00,yangjiang_offshore,21.75,112.2,10.5,57.0,0.0,26.6,0,2026-10-08T07:38:25
2026-10-02 03:00,yangjiang_offshore,21.75,112.2,12.6,42.0,0.0,25.9,0,2026-10-08T07:38:25
2026-10-02 04:00,yangjiang_offshore,21.75,112.2,3.6,327.0,0.0,25.8,0,2026-10-08T07:38:25
2026-10-02 05:00,yangjiang_offshore,21.75,112.2,5.5,281.0,0.0,25.7,0,2026-10-08T07:38:25
2026-10-02 06:00,yangjiang_offshore,21.75,112.2,6.2,285.0,0.0,25.8,0,2026-10-08T07:38:25
2026-10-02 07:00,yangjiang_offshore,21.75,112.2,5.4,6.0,16.0,25.9,0,2026-10-08T07:38:25
2026-10-02 08:00,yangjiang_offshore,21.75,112.2,15.7,9.0,136.0,27.7,0,2026-10-08T07:38:25
2026-10-02 09:00,yangjiang_offshore,21.75,112.2,9.4,50.0,251.0,27.6,0,2026-10-08T07:38:25
2026-10-02 10:00,yangjiang_offshore,21.75,112.2,5.2,358.0,367.0,29.0,0,2026-10-08T07:38:25
2026-10-02 11:00,yangjiang_offshore,21.75,112.2,6.2,303.0,446.0,29.9,0,2026-10-08T07:38:25
2026-10-02 12:00,yangjiang_offshore,21.75,112.2,5.5,287.0,590.0,30.5,0,2026-10-08T07:38:25
2026-10-02 13:00,yangjiang_offshore,21.75,112.2,4.0,249.0,633.0,30.5,0,2026-10-08T07:38:25
2026-10-02 14:00,yangjiang_offshore,21.75,112.2,5.0,300.0,577.0,30.7,0,2026-10-08T07:38:25
2026-10-02 15:00,yangjiang_offshore,21.75,112.2,16.5,20.0,401.0,27.8,0,2026-10-08T07:38:25
2026-10-02 16:00,yangjiang_offshore,21.75,112.2,12.6,31.0,182.0,27.4,0,2026-10-08T07:38:25
2026-10-02 17:00,yangjiang_offshore,21.75,112.2,15.0,33.0,127.0,27.1,0,2026-10-08T07:38:25
2026-10-02 18:00,yangjiang_offshore,21.75,112.2,14.6,35.0,54.0,26.7,0,2026-10-08T07:38:25
2026-10-02 19:00,yangjiang_offshore,21.75,112.2,17.9,34.0,2.0,26.0,0,2026-10-08T07:38:25
2026-10-02 20:00,yangjiang_offshore,21.75,112.2,12.2,24.0,0.0,26.9,0,2026-10-08T07:38:25
2026-10-02 21:00,yangjiang_offshore,21.75,112.2,11.6,30.0,0.0,26.3,0,2026-10-08T07:38:25
2026-10-02 22:00,yangjiang_offshore,21.75,112.2,22.7,42.0,0.0,26.2,0,2026-10-08T07:38:25
2026-10-02 23:00,yangjiang_offshore,21.75,112.2,18.8,54.0,0.0,24.6,0,2026-10-08T07:38:25
2026-10-03 00:00,yangjiang_offshore,21.75,112.2,17.3,71.0,0.0,24.7,0,2026-10-08T07:38:25
2026-10-03 01:00,yangjiang_offshore,21.75,112.2,9.5,92.0,0.0,24.9,0,2026-10-08T07:38:25
2026-10-03 02:00,yangjiang_offshore,21.75,112.2,10.4,160.0,0.0,25.7,0,2026-10-08T07:38:25
2026-10-03 03:00,yangjiang_offshore,21.75,112.2,9.4,128.0,0.0,25.2,0,2026-10-08T07:38:25
2026-10-03 04:00,yangjiang_offshore,21.75,112.2,5.0,60.0,0.0,25.0,0,2026-10-08T07:38:25
2026-10-03 05:00,yangjiang_offshore,21.75,112.2,15.0,69.0,0.0,24.7,0,2026-10-08T07:38:25
2026-10-03 06:00,yangjiang_offshore,21.75,112.2,17.1,60.0,0.0,24.1,0,2026-10-08T07:38:25
2026-10-03 07:00,yangjiang_offshore,21.75,112.2,17.1,65.0,10.0,24.0,0,2026-10-08T07:38:25
2026-10-03 08:00,yangjiang_offshore,21.75,112.2,12.3,83.0,71.0,26.4,0,2026-10-08T07:38:25
2026-10-03 09:00,yangjiang_offshore,21.75,112.2,10.6,86.0,237.0,26.9,0,2026-10-08T07:38:25
2026-10-03 10:00,yangjiang_offshore,21.75,112.2,10.9,102.0,280.0,27.2,0,2026-10-08T07:38:25
2026-10-03 11:00,yangjiang_offshore,21.75,112.2,11.6,106.0,346.0,27.6,0,2026-10-08T07:38:25
2026-10-03 12:00,yangjiang_offshore,21.75,112.2,11.2,136.0,459.0,28.0,0,2026-10-08T07:38:25
2026-10-03 13:00,yangjiang_offshore,21.75,112.2,11.4,143.0,435.0,28.2,0,2026-10-08T07:38:25
2026-10-03 14:00,yangjiang_offshore,21.75,112.2,5.3,142.0,411.0,28.2,0,2026-10-08T07:38:25
2026-10-03 15:00,yangjiang_offshore,21.75,112.2,4.2,160.0,296.0,27.9,0,2026-10-08T07:38:25
2026-10-03 16:00,yangjiang_offshore,21.75,112.2,6.5,157.0,183.0,27.8,0,2026-10-08T07:38:25
2026-10-03 17:00,yangjiang_offshore,21.75,112.2,8.1,137.0,99.0,27.4,0,2026-10-08T07:38:25
2026-10-03 18:00,yangjiang_offshore,21.75,112.2,10.1,139.0,33.0,27.2,0,2026-10-08T07:38:25
2026-10-03 19:00,yangjiang_offshore,21.75,112.2,10.1,130.0,2.0,26.8,0,2026-10-08T07:38:25
2026-10-03 20:00,yangjiang_offshore,21.75,112.2,16.2,129.0,0.0,27.8,0,2026-10-08T07:38:25
2026-10-03 21:00,yangjiang_offshore,21.75,112.2,17.1,130.0,0.0,27.6,0,2026-10-08T07:38:25
2026-10-03 22:00,yangjiang_offshore,21.75,112.2,18.6,127.0,0.0,27.5,0,2026-10-08T07:38:25
2026-10-03 23:00,yangjiang_offshore,21.75,112.2,19.2,125.0,0.0,27.4,0,2026-10-08T07:38:25
2026-10-04 00:00,yangjiang_offshore,21.75,112.2,18.5,123.0,0.0,27.4,0,2026-10-08T07:38:25
2026-10-04 01:00,yangjiang_offshore,21.75,112.2,15.7,124.0,0.0,27.2,0,2026-10-08T07:38:25
2026-10-04 02:00,yangjiang_offshore,21.75,112.2,11.0,116.0,0.0,26.5,0,2026-10-08T07:38:25
2026-10-04 03:00,yangjiang_offshore,21.75,112.2,10.6,132.0,0.0,26.2,0,2026-10-08T07:38:25
2026-10-04 04:00,yangjiang_offshore,21.75,112.2,10.4,148.0,0.0,26.1,0,2026-10-08T07:38:25
2026-10-04 05:00,yangjiang_offshore,21.75,112.2,11.5,160.0,0.0,26.2,0,2026-10-08T07:38:25
2026-10-04 06:00,yangjiang_offshore,21.75,112.2,10.5,161.0,0.0,26.2,0,2026-10-08T07:38:25
2026-10-04 07:00,yangjiang_offshore,21.75,112.2,6.1,156.0,16.0,26.8,0,2026-10-08T07:38:25
2026-10-04 08:00,yangjiang_offshore,21.75,112.2,9.2,138.0,142.0,29.2,0,2026-10-08T07:38:25
2026-10-04 09:00,yangjiang_offshore,21.75,112.2,8.5,153.0,375.0,29.9,0,2026-10-08T07:38:25
2026-10-04 10:00,yangjiang_offshore,21.75,112.2,7.9,177.0,573.0,30.5,0,2026-10-08T07:38:25
2026-10-04 11:00,yangjiang_offshore,21.75,112.2,8.5,205.0,712.0,30.7,0,2026-10-08T07:38:25
2026-10-04 12:00,yangjiang_offshore,21.75,112.2,10.5,221.0,765.0,30.6,0,2026-10-08T07:38:25
2026-10-04 13:00,yangjiang_offshore,21.75,112.2,10.0,197.0,772.0,30.5,0,2026-10-08T07:38:25
2026-10-04 14:00,yangjiang_offshore,21.75,112.2,11.0,229.0,770.0,29.6,0,2026-10-08T07:38:25
2026-10-04 15:00,yangjiang_offshore,21.75,112.2,6.7,194.0,396.0,29.0,0,2026-10-08T07:38:25
2026-10-04 16:00,yangjiang_offshore,21.75,112.2,2.6,219.0,410.0,29.4,0,2026-10-08T07:38:25
2026-10-04 17:00,yangjiang_offshore,21.75,112.2,8.0,6.0,274.0,28.5,0,2026-10-08T07:38:25
2026-10-04 18:00,yangjiang_offshore,21.75,112.2,10.8,4.0,88.0,26.9,0,2026-10-08T07:38:25
2026-10-04 19:00,yangjiang_offshore,21.75,112.2,11.8,20.0,2.0,26.2,0,2026-10-08T07:38:25
2026-10-04 20:00,yangjiang_offshore,21.75,112.2,24.6,9.0,0.0,25.1,0,2026-10-08T07:38:25
2026-10-04 21:00,yangjiang_offshore,21.75,112.2,21.6,26.0,0.0,24.4,0,2026-10-08T07:38:25
2026-10-04 22:00,yangjiang_offshore,21.75,112.2,20.0,17.0,0.0,24.2,0,2026-10-08T07:38:25
2026-10-04 23:00,yangjiang_offshore,21.75,112.2,23.4,25.0,0.0,24.1,0,2026-10-08T07:38:25
2026-10-05 00:00,yangjiang_offshore,21.75,112.2,26.4,26.0,0.0,24.3,0,2026-10-08T07:38:25
2026-10-05 01:00,yangjiang_offshore,21.75,112.2,26.2,23.0,0.0,24.3,0,2026-10-08T07:38:25
2026-10-05 02:00,yangjiang_offshore,21.75,112.2,24.9,17.0,0.0,24.6,0,2026-10-08T07:38:25
2026-10-05 03:00,yangjiang_offshore,21.75,112.2,29.9,15.0,0.0,23.7,0,2026-10-08T07:38:25
2026-10-05 04:00,yangjiang_offshore,21.75,112.2,33.4,19.0,0.0,22.9,0,2026-10-08T07:38:25
2026-10-05 05:00,yangjiang_offshore,21.75,112.2,36.2,21.0,0.0,22.5,0,2026-10-08T07:38:25
2026-10-05 06:00,yangjiang_offshore,21.75,112.2,34.8,19.0,0.0,21.9,0,2026-10-08T07:38:25
2026-10-05 07:00,yangjiang_offshore,21.75,112.2,31.3,22.0,11.0,21.6,0,2026-10-08T07:38:25
2026-10-05 08:00,yangjiang_offshore,21.75,112.2,33.9,18.0,78.0,24.3,0,2026-10-08T07:38:25
2026-10-05 09:00,yangjiang_offshore,21.75,112.2,35.2,18.0,349.0,25.3,0,2026-10-08T07:38:25
2026-10-05 10:00,yangjiang_offshore,21.75,112.2,35.3,19.0,538.0,26.4,0,2026-10-08T07:38:25
2026-10-05 11:00,yangjiang_offshore,21.75,112.2,34.8,19.0,709.0,27.5,0,2026-10-08T07:38:25
2026-10-05 12:00,yangjiang_offshore,21.75,112.2,34.8,16.0,788.0,28.1,0,2026-10-08T07:38:25
2026-10-05 13:00,yangjiang_offshore,21.75,112.2,35.0,12.0,784.0,28.8,0,2026-10-08T07:38:25
2026-10-05 14:00,yangjiang_offshore,21.75,112.2,31.1,12.0,788.0,29.3,0,2026-10-08T07:38:25
2026-10-05 15:00,yangjiang_offshore,21.75,112.2,29.0,19.0,643.0,28.9,0,2026-10-08T07:38:25
2026-10-05 16:00,yangjiang_offshore,21.75,112.2,31.2,20.0,471.0,29.3,0,2026-10-08T07:38:25
2026-10-05 17:00,yangjiang_offshore,21.75,112.2,33.9,24.0,281.0,27.8,0,2026-10-08T07:38:25
2026-10-05 18:00,yangjiang_offshore,21.75,112.2,33.0,20.0,97.0,26.9,0,2026-10-08T07:38:25
2026-10-05 19:00,yangjiang_offshore,21.75,112.2,34.1,21.0,2.0,26.4,0,2026-10-08T07:38:25
2026-10-05 20:00,yangjiang_offshore,21.75,112.2,35.0,25.0,0.0,25.5,0,2026-10-08T07:38:25
2026-10-05 21:00,yangjiang_offshore,21.75,112.2,34.5,24.0,0.0,25.1,0,2026-10-08T07:38:25
2026-10-05 22:00,yangjiang_offshore,21.75,112.2,35.8,24.0,0.0,24.8,0,2026-10-08T07:38:25
2026-10-05 23:00,yangjiang_offshore,21.75,112.2,38.2,25.0,0.0,24.4,0,2026-10-08T07:38:25
2026-10-06 00:00,yangjiang_offshore,21.75,112.2,37.9,22.0,0.0,23.9,0,2026-10-08T07:38:25
2026-10-06 01:00,yangjiang_offshore,21.75,112.2,39.0,21.0,0.0,23.6,0,2026-10-08T07:38:25
2026-10-06 02:00,yangjiang_offshore,21.75,112.2,38.2,18.0,0.0,23.0,0,2026-10-08T07:38:25
2026-10-06 03:00,yangjiang_offshore,21.75,112.2,38.5,18.0,0.0,22.6,0,2026-10-08T07:38:25
2026-10-06 04:00,yangjiang_offshore,21.75,112.2,39.9,19.0,0.0,22.2,0,2026-10-08T07:38:25
2026-10-06 05:00,yangjiang_offshore,21.75,112.2,41.3,21.0,0.0,21.7,0,2026-10-08T07:38:25
2026-10-06 06:00,yangjiang_offshore,21.75,112.2,42.4,22.0,0.0,21.4,0,2026-10-08T07:38:25
2026-10-06 07:00,yangjiang_offshore,21.75,112.2,41.8,23.0,16.0,21.2,0,2026-10-08T07:38:25
2026-10-06 08:00,yangjiang_offshore,21.75,112.2,37.6,18.0,160.0,22.1,0,2026-10-08T07:38:25
2026-10-06 09:00,yangjiang_offshore,21.75,112.2,38.1,20.0,361.0,23.2,0,2026-10-08T07:38:25
2026-10-06 10:00,yangjiang_offshore,21.75,112.2,36.4,20.0,503.0,24.2,0,2026-10-08T07:38:25
2026-10-06 11:00,yangjiang_offshore,21.75,112.2,34.6,22.0,514.0,25.0,0,2026-10-08T07:38:25
2026-10-06 12:00,yangjiang_offshore,21.75,112.2,32.6,22.0,552.0,25.6,0,2026-10-08T07:38:25
2026-10-06 13:00,yangjiang_offshore,21.75,112.2,30.2,20.0,592.0,26.3,0,2026-10-08T07:38:25
2026-10-06 14:00,yangjiang_offshore,21.75,112.2,27.0,22.0,640.0,26.8,0,2026-10-08T07:38:25
2026-10-06 15:00,yangjiang_offshore,21.75,112.2,26.2,27.0,469.0,26.3,0,2026-10-08T07:38:25
2026-10-06 16:00,yangjiang_offshore,21.75,112.2,27.1,29.0,340.0,26.0,0,2026-10-08T07:38:25
2026-10-06 17:00,yangjiang_offshore,21.75,112.2,25.7,30.0,247.0,25.6,0,2026-10-08T07:38:25
2026-10-06 18:00,yangjiang_offshore,21.75,112.2,25.3,31.0,82.0,24.9,0,2026-10-08T07:38:25
2026-10-06 19:00,yangjiang_offshore,21.75,112.2,26.3,36.0,1.0,24.5,0,2026-10-08T07:38:25
2026-10-06 20:00,yangjiang_offshore,21.75,112.2,26.2,36.0,0.0,25.3,0,2026-10-08T07:38:25
2026-10-06 21:00,yangjiang_offshore,21.75,112.2,27.0,33.0,0.0,25.0,0,2026-10-08T07:38:25
2026-10-06 22:00,yangjiang_offshore,21.75,112.2,27.3,28.0,0.0,24.8,0,2026-10-08T07:38:25
2026-10-06 23:00,yangjiang_offshore,21.75,112.2,25.5,31.0,0.0,24.5,0,2026-10-08T07:38:25
2026-10-07 00:00,yangjiang_offshore,21.75,112.2,25.1,35.0,0.0,24.2,0,2026-10-08T07:38:25
2026-10-07 01:00,yangjiang_offshore,21.75,112.2,25.0,30.0,0.0,23.8,0,2026-10-08T07:38:25
2026-10-07 02:00,yangjiang_offshore,21.75,112.2,24.8,24.0,0.0,23.6,0,2026-10-08T07:38:25
2026-10-07 03:00,yangjiang_offshore,21.75,112.2,26.4,22.0,0.0,23.0,0,2026-10-08T07:38:25
2026-10-07 04:00,yangjiang_offshore,21.75,112.2,28.5,23.0,0.0,22.7,0,2026-10-08T07:38:25
2026-10-07 05:00,yangjiang_offshore,21.75,112.2,30.1,24.0,0.0,22.4,0,2026-10-08T07:38:25
2026-10-07 06:00,yangjiang_offshore,21.75,112.2,31.5,27.0,0.0,22.0,0,2026-10-08T07:38:25
2026-10-07 07:00,yangjiang_offshore,21.75,112.2,32.4,27.0,16.0,21.6,0,2026-10-08T07:38:25
2026-10-07 08:00,yangjiang_offshore,21.75,112.2,29.0,30.0,168.0,22.5,0,2026-10-08T07:38:25
2026-10-07 09:00,yangjiang_offshore,21.75,112.2,27.9,29.0,386.0,23.8,0,2026-10-08T07:38:25
2026-10-07 10:00,yangjiang_offshore,21.75,112.2,27.6,29.0,586.0,25.3,0,2026-10-08T07:38:25
2026-10-07 11:00,yangjiang_offshore,21.75,112.2,25.5,32.0,740.0,26.7,0,2026-10-08T07:38:25
2026-10-07 12:00,yangjiang_offshore,21.75,112.2,22.3,39.0,835.0,27.7,0,2026-10-08T07:38:25
2026-10-07 13:00,yangjiang_offshore,21.75,112.2,20.0,45.0,857.0,28.4,0,2026-10-08T07:38:25
2026-10-07 14:00,yangjiang_offshore,21.75,112.2,17.0,51.0,811.0,29.3,0,2026-10-08T07:38:25
2026-10-07 15:00,yangjiang_offshore,21.75,112.2,15.0,44.0,694.0,28.9,0,2026-10-08T07:38:25
2026-10-07 16:00,yangjiang_offshore,21.75,112.2,14.1,25.0,515.0,28.9,0,2026-10-08T07:38:25
2026-10-07 17:00,yangjiang_offshore,21.75,112.2,20.2,19.0,282.0,27.6,0,2026-10-08T07:38:25
2026-10-07 18:00,yangjiang_offshore,21.75,112.2,19.2,28.0,89.0,26.3,0,2026-10-08T07:38:25
2026-10-07 19:00,yangjiang_offshore,21.75,112.2,18.3,47.0,1.0,25.4,0,2026-10-08T07:38:25
2026-10-07 20:00,yangjiang_offshore,21.75,112.2,22.4,37.0,0.0,25.2,0,2026-10-08T07:38:25
2026-10-07 21:00,yangjiang_offshore,21.75,112.2,23.4,40.0,0.0,24.6,0,2026-10-08T07:38:25
2026-10-07 22:00,yangjiang_offshore,21.75,112.2,22.7,42.0,0.0,24.1,0,2026-10-08T07:38:25
2026-10-07 23:00,yangjiang_offshore,21.75,112.2,22.3,43.0,0.0,23.8,0,2026-10-08T07:38:25
2026-10-08 00:00,yangjiang_offshore,21.75,112.2,20.9,48.0,0.0,23.4,0,2026-10-08T07:38:25
2026-10-08 01:00,yangjiang_offshore,21.75,112.2,19.1,51.0,0.0,23.2,0,2026-10-08T07:38:25
2026-10-08 02:00,yangjiang_offshore,21.75,112.2,20.8,35.0,0.0,22.9,0,2026-10-08T07:38:25
2026-10-08 03:00,yangjiang_offshore,21.75,112.2,21.8,35.0,0.0,22.5,0,2026-10-08T07:38:25
2026-10-08 04:00,yangjiang_offshore,21.75,112.2,22.6,35.0,0.0,22.2,0,2026-10-08T07:38:25
2026-10-08 05:00,yangjiang_offshore,21.75,112.2,24.1,30.0,0.0,21.9,0,2026-10-08T07:38:25
2026-10-08 06:00,yangjiang_offshore,21.75,112.2,25.0,31.0,0.0,21.8,0,2026-10-08T07:38:25
2026-10-08 07:00,yangjiang_offshore,21.75,112.2,27.5,28.0,11.0,22.2,0,2026-10-08T07:38:25
2026-10-08 08:00,yangjiang_offshore,21.75,112.2,30.3,31.0,113.0,23.8,0,2026-10-08T07:38:25
2026-10-08 09:00,yangjiang_offshore,21.75,112.2,23.5,34.0,349.0,25.8,0,2026-10-08T07:38:25
2026-10-08 10:00,yangjiang_offshore,21.75,112.2,23.9,37.0,536.0,27.2,0,2026-10-08T07:38:25
2026-10-08 11:00,yangjiang_offshore,21.75,112.2,23.4,43.0,672.0,28.2,0,2026-10-08T07:38:25
2026-10-08 12:00,yangjiang_offshore,21.75,112.2,23.0,67.0,792.0,29.6,0,2026-10-08T07:38:25
2026-10-08 13:00,yangjiang_offshore,21.75,112.2,20.6,70.0,575.0,29.3,0,2026-10-08T07:38:25
2026-10-08 14:00,yangjiang_offshore,21.75,112.2,19.6,68.0,485.0,28.9,0,2026-10-08T07:38:25
2026-10-08 15:00,yangjiang_offshore,21.75,112.2,19.3,63.0,408.0,28.5,0,2026-10-08T07:38:25
2026-10-08 16:00,yangjiang_offshore,21.75,112.2,19.9,56.0,319.0,28.3,0,2026-10-08T07:38:25
2026-10-08 17:00,yangjiang_offshore,21.75,112.2,18.2,54.0,154.0,28.0,0,2026-10-08T07:38:25
2026-10-08 18:00,yangjiang_offshore,21.75,112.2,15.6,71.0,73.0,27.2,0,2026-10-08T07:38:25
2026-10-08 19:00,yangjiang_offshore,21.75,112.2,20.4,87.0,1.0,26.5,0,2026-10-08T07:38:25
2026-10-08 20:00,yangjiang_offshore,21.75,112.2,22.6,85.0,0.0,26.2,0,2026-10-08T07:38:25
2026-10-08 21:00,yangjiang_offshore,21.75,112.2,24.7,83.0,0.0,26.3,0,2026-10-08T07:38:25
2026-10-08 22:00,yangjiang_offshore,21.75,112.2,23.0,80.0,0.0,26.3,0,2026-10-08T07:38:25
2026-10-08 23:00,yangjiang_offshore,21.75,112.2,22.8,78.0,0.0,26.2,0,2026-10-08T07:38:25
2026-10-08 00:00,yangjiang_offshore,21.75,112.2,20.9,48.0,0.0,23.4,1,2026-10-08T07:38:25
2026-10-08 01:00,yangjiang_offshore,21.75,112.2,19.1,51.0,0.0,23.2,1,2026-10-08T07:38:25
2026-10-08 02:00,yangjiang_offshore,21.75,112.2,20.8,35.0,0.0,22.9,1,2026-10-08T07:38:25
2026-10-08 03:00,yangjiang_offshore,21.75,112.2,21.8,35.0,0.0,22.5,1,2026-10-08T07:38:25
2026-10-08 04:00,yangjiang_offshore,21.75,112.2,22.6,35.0,0.0,22.2,1,2026-10-08T07:38:25
2026-10-08 05:00,yangjiang_offshore,21.75,112.2,24.1,30.0,0.0,21.9,1,2026-10-08T07:38:25
2026-10-08 06:00,yangjiang_offshore,21.75,112.2,25.0,31.0,0.0,21.8,1,2026-10-08T07:38:25
2026-10-08 07:00,yangjiang_offshore,21.75,112.2,27.5,28.0,11.0,22.2,1,2026-10-08T07:38:25
2026-10-08 08:00,yangjiang_offshore,21.75,112.2,30.3,31.0,113.0,23.8,1,2026-10-08T07:38:25
2026-10-08 09:00,yangjiang_offshore,21.75,112.2,23.5,34.0,349.0,25.8,1,2026-10-08T07:38:25
2026-10-08 10:00,yangjiang_offshore,21.75,112.2,23.9,37.0,536.0,27.2,1,2026-10-08T07:38:25
2026-10-08 11:00,yangjiang_offshore,21.75,112.2,23.4,43.0,672.0,28.2,1,2026-10-08T07:38:25
2026-10-08 12:00,yangjiang_offshore,21.75,112.2,23.0,67.0,792.0,29.6,1,2026-10-08T07:38:25
2026-10-08 13:00,yangjiang_offshore,21.75,112.2,20.6,70.0,575.0,29.3,1,2026-10-08T07:38:25
2026-10-08 14:00,yangjiang_offshore,21.75,112.2,19.6,68.0,485.0,28.9,1,2026-10-08T07:38:25
2026-10-08 15:00,yangjiang_offshore,21.75,112.2,19.3,63.0,408.0,28.5,1,2026-10-08T07:38:25
2026-10-08 16:00,yangjiang_offshore,21.75,112.2,19.9,56.0,319.0,28.3,1,2026-10-08T07:38:25
2026-10-08 17:00,yangjiang_offshore,21.75,112.2,18.2,54.0,154.0,28.0,1,2026-10-08T07:38:25
2026-10-08 18:00,yangjiang_offshore,21.75,112.2,15.6,71.0,73.0,27.2,1,2026-10-08T07:38:25
2026-10-08 19:00,yangjiang_offshore,21.75,112.2,20.4,87.0,1.0,26.5,1,2026-10-08T07:38:25
2026-10-08 20:00,yangjiang_offshore,21.75,112.2,22.6,85.0,0.0,26.2,1,2026-10-08T07:38:25
2026-10-08 21:00,yangjiang_offshore,21.75,112.2,24.7,83.0,0.0,26.3,1,2026-10-08T07:38:25
2026-10-08 22:00,yangjiang_offshore,21.75,112.2,23.0,80.0,0.0,26.3,1,2026-10-08T07:38:25
2026-10-08 23:00,yangjiang_offshore,21.75,112.2,22.8,78.0,0.0,26.2,1,2026-10-08T07:38:25
2026-10-09 00:00,yangjiang_offshore,21.75,112.2,20.6,74.0,0.0,25.9,1,2026-10-08T07:38:25
2026-10-09 01:00,yangjiang_offshore,21.75,112.2,20.5,66.0,0.0,25.7,1,2026-10-08T07:38:25
2026-10-09 02:00,yangjiang_offshore,21.75,112.2,20.1,57.0,0.0,25.5,1,2026-10-08T07:38:25
2026-10-09 03:00,yangjiang_offshore,21.75,112.2,20.4,61.0,0.0,25.4,1,2026-10-08T07:38:25
2026-10-09 04:00,yangjiang_offshore,21.75,112.2,21.2,53.0,0.0,25.1,1,2026-10-08T07:38:25
2026-10-09 05:00,yangjiang_offshore,21.75,112.2,21.2,56.0,0.0,24.9,1,2026-10-08T07:38:25
2026-10-09 06:00,yangjiang_offshore,21.75,112.2,20.6,51.0,0.0,24.8,1,2026-10-08T07:38:25
2026-10-09 07:00,yangjiang_offshore,21.75,112.2,19.9,53.0,12.0,24.6,1,2026-10-08T07:38:25
2026-10-09 08:00,yangjiang_offshore,21.75,112.2,21.4,57.0,130.0,25.8,1,2026-10-08T07:38:25
2026-10-09 09:00,yangjiang_offshore,21.75,112.2,27.7,71.0,313.0,27.3,1,2026-10-08T07:38:25
2026-10-09 10:00,yangjiang_offshore,21.75,112.2,27.6,76.0,402.0,28.0,1,2026-10-08T07:38:25
2026-10-09 11:00,yangjiang_offshore,21.75,112.2,26.7,80.0,500.0,28.4,1,2026-10-08T07:38:25
2026-10-09 12:00,yangjiang_offshore,21.75,112.2,24.3,83.0,563.0,28.1,1,2026-10-08T07:38:25
2026-10-09 13:00,yangjiang_offshore,21.75,112.2,21.9,85.0,534.0,27.2,1,2026-10-08T07:38:25
2026-10-09 14:00,yangjiang_offshore,21.75,112.2,21.8,90.0,651.0,27.4,1,2026-10-08T07:38:25
2026-10-09 15:00,yangjiang_offshore,21.75,112.2,24.4,96.0,446.0,27.0,1,2026-10-08T07:38:25
2026-10-09 16:00,yangjiang_offshore,21.75,112.2,25.3,94.0,364.0,27.0,1,2026-10-08T07:38:25
2026-10-09 17:00,yangjiang_offshore,21.75,112.2,24.3,90.0,248.0,27.2,1,2026-10-08T07:38:25
2026-10-09 18:00,yangjiang_offshore,21.75,112.2,22.0,91.0,79.0,26.7,1,2026-10-08T07:38:25
2026-10-09 19:00,yangjiang_offshore,21.75,112.2,21.6,105.0,1.0,26.2,1,2026-10-08T07:38:25
2026-10-09 20:00,yangjiang_offshore,21.75,112.2,20.5,98.0,0.0,26.0,1,2026-10-08T07:38:25
2026-10-09 21:00,yangjiang_offshore,21.75,112.2,20.9,90.0,0.0,25.6,1,2026-10-08T07:38:25
2026-10-09 22:00,yangjiang_offshore,21.75,112.2,19.5,87.0,0.0,25.3,1,2026-10-08T07:38:25
2026-10-09 23:00,yangjiang_offshore,21.75,112.2,16.7,79.0,0.0,24.8,1,2026-10-08T07:38:25
2026-10-10 00:00,yangjiang_offshore,21.75,112.2,15.7,70.0,0.0,24.2,1,2026-10-08T07:38:25
2026-10-10 01:00,yangjiang_offshore,21.75,112.2,16.1,59.0,0.0,23.7,1,2026-10-08T07:38:25
2026-10-10 02:00,yangjiang_offshore,21.75,112.2,14.9,49.0,0.0,23.3,1,2026-10-08T07:38:25
2026-10-10 03:00,yangjiang_offshore,21.75,112.2,16.3,49.0,0.0,22.9,1,2026-10-08T07:38:25
2026-10-10 04:00,yangjiang_offshore,21.75,112.2,18.5,49.0,0.0,22.8,1,2026-10-08T07:38:25
2026-10-10 05:00,yangjiang_offshore,21.75,112.2,18.3,47.0,0.0,22.6,1,2026-10-08T07:38:25
2026-10-10 06:00,yangjiang_offshore,21.75,112.2,18.2,46.0,0.0,22.4,1,2026-10-08T07:38:25
2026-10-10 07:00,yangjiang_offshore,21.75,112.2,18.5,43.0,15.0,22.7,1,2026-10-08T07:38:25
2026-10-10 08:00,yangjiang_offshore,21.75,112.2,17.7,38.0,168.0,24.6,1,2026-10-08T07:38:25
2026-10-10 09:00,yangjiang_offshore,21.75,112.2,15.1,33.0,386.0,26.4,1,2026-10-08T07:38:25
2026-10-10 10:00,yangjiang_offshore,21.75,112.2,15.9,44.0,587.0,28.0,1,2026-10-08T07:38:25
2026-10-10 11:00,yangjiang_offshore,21.75,112.2,15.9,48.0,746.0,29.2,1,2026-10-08T07:38:25
2026-10-10 12:00,yangjiang_offshore,21.75,112.2,18.0,49.0,827.0,30.4,1,2026-10-08T07:38:25
2026-10-10 13:00,yangjiang_offshore,21.75,112.2,17.3,47.0,808.0,30.9,1,2026-10-08T07:38:25
2026-10-10 14:00,yangjiang_offshore,21.75,112.2,15.8,46.0,711.0,31.0,1,2026-10-08T07:38:25
2026-10-10 15:00,yangjiang_offshore,21.75,112.2,15.0,44.0,638.0,31.1,1,2026-10-08T07:38:25
2026-10-10 16:00,yangjiang_offshore,21.75,112.2,13.1,58.0,462.0,30.1,1,2026-10-08T07:38:25
2026-10-10 17:00,yangjiang_offshore,21.75,112.2,13.0,68.0,265.0,28.9,1,2026-10-08T07:38:25
2026-10-10 18:00,yangjiang_offshore,21.75,112.2,13.0,71.0,85.0,27.5,1,2026-10-08T07:38:25
2026-10-10 19:00,yangjiang_offshore,21.75,112.2,11.8,83.0,1.0,26.1,1,2026-10-08T07:38:25
2026-10-10 20:00,yangjiang_offshore,21.75,112.2,12.3,93.0,0.0,25.5,1,2026-10-08T07:38:25
2026-10-10 21:00,yangjiang_offshore,21.75,112.2,11.6,95.0,0.0,25.0,1,2026-10-08T07:38:25
2026-10-10 22:00,yangjiang_offshore,21.75,112.2,12.6,92.0,0.0,24.8,1,2026-10-08T07:38:25
2026-10-10 23:00,yangjiang_offshore,21.75,112.2,12.7,83.0,0.0,24.7,1,2026-10-08T07:38:25
2026-10-11 00:00,yangjiang_offshore,21.75,112.2,12.5,85.0,0.0,24.4,1,2026-10-08T07:38:25
2026-10-11 01:00,yangjiang_offshore,21.75,112.2,10.7,81.0,0.0,24.0,1,2026-10-08T07:38:25
2026-10-11 02:00,yangjiang_offshore,21.75,112.2,9.6,64.0,0.0,23.4,1,2026-10-08T07:38:25
2026-10-11 03:00,yangjiang_offshore,21.75,112.2,10.5,38.0,0.0,22.8,1,2026-10-08T07:38:25
2026-10-11 04:00,yangjiang_offshore,21.75,112.2,13.6,28.0,0.0,22.3,1,2026-10-08T07:38:25
2026-10-11 05:00,yangjiang_offshore,21.75,112.2,17.4,32.0,0.0,22.2,1,2026-10-08T07:38:25
2026-10-11 06:00,yangjiang_offshore,21.75,112.2,19.8,38.0,0.0,22.1,1,2026-10-08T07:38:25
2026-10-11 07:00,yangjiang_offshore,21.75,112.2,21.7,42.0,15.0,22.5,1,2026-10-08T07:38:25
2026-10-11 08:00,yangjiang_offshore,21.75,112.2,23.6,41.0,165.0,24.4,1,2026-10-08T07:38:25
2026-10-11 09:00,yangjiang_offshore,21.75,112.2,19.0,33.0,377.0,26.5,1,2026-10-08T07:38:25
2026-10-11 10:00,yangjiang_offshore,21.75,112.2,19.6,43.0,571.0,28.3,1,2026-10-08T07:38:25
2026-10-11 11:00,yangjiang_offshore,21.75,112.2,17.1,55.0,727.0,29.6,1,2026-10-08T07:38:25
2026-10-11 12:00,yangjiang_offshore,21.75,112.2,18.3,85.0,804.0,30.8,1,2026-10-08T07:38:25
2026-10-11 13:00,yangjiang_offshore,21.75,112.2,18.6,102.0,667.0,30.5,1,2026-10-08T07:38:25
2026-10-11 14:00,yangjiang_offshore,21.75,112.2,19.1,104.0,671.0,30.3,1,2026-10-08T07:38:25
2026-10-11 15:00,yangjiang_offshore,21.75,112.2,20.8,108.0,573.0,29.7,1,2026-10-08T07:38:25
2026-10-11 16:00,yangjiang_offshore,21.75,112.2,20.3,97.0,410.0,29.3,1,2026-10-08T07:38:25
2026-10-11 17:00,yangjiang_offshore,21.75,112.2,19.4,89.0,262.0,28.6,1,2026-10-08T07:38:25
2026-10-11 18:00,yangjiang_offshore,21.75,112.2,22.1,90.0,82.0,27.4,1,2026-10-08T07:38:25
2026-10-11 19:00,yangjiang_offshore,21.75,112.2,24.3,93.0,1.0,26.5,1,2026-10-08T07:38:25
2026-10-11 20:00,yangjiang_offshore,21.75,112.2,23.8,98.0,0.0,26.4,1,2026-10-08T07:38:25
2026-10-11 21:00,yangjiang_offshore,21.75,112.2,23.1,99.0,0.0,26.2,1,2026-10-08T07:38:25
2026-10-11 22:00,yangjiang_offshore,21.75,112.2,22.0,99.0,0.0,26.1,1,2026-10-08T07:38:25
2026-10-11 23:00,yangjiang_offshore,21.75,112.2,19.5,102.0,0.0,26.0,1,2026-10-08T07:38:25
2026-10-12 00:00,yangjiang_offshore,21.75,112.2,17.2,100.0,0.0,25.9,1,2026-10-08T07:38:25
2026-10-12 01:00,yangjiang_offshore,21.75,112.2,15.6,98.0,0.0,25.6,1,2026-10-08T07:38:25
2026-10-12 02:00,yangjiang_offshore,21.75,112.2,13.9,87.0,0.0,25.2,1,2026-10-08T07:38:25
2026-10-12 03:00,yangjiang_offshore,21.75,112.2,12.5,74.0,0.0,24.6,1,2026-10-08T07:38:25
2026-10-12 04:00,yangjiang_offshore,21.75,112.2,12.1,58.0,0.0,23.9,1,2026-10-08T07:38:25
2026-10-12 05:00,yangjiang_offshore,21.75,112.2,12.9,48.0,0.0,23.7,1,2026-10-08T07:38:25
2026-10-12 06:00,yangjiang_offshore,21.75,112.2,14.0,48.0,0.0,24.1,1,2026-10-08T07:38:25
2026-10-12 07:00,yangjiang_offshore,21.75,112.2,15.3,53.0,12.0,25.0,1,2026-10-08T07:38:25
2026-10-12 08:00,yangjiang_offshore,21.75,112.2,16.1,59.0,159.0,26.1,1,2026-10-08T07:38:25
2026-10-12 09:00,yangjiang_offshore,21.75,112.2,16.6,67.0,381.0,27.6,1,2026-10-08T07:38:25
2026-10-12 10:00,yangjiang_offshore,21.75,112.2,16.9,76.0,561.0,29.3,1,2026-10-08T07:38:25
2026-10-12 11:00,yangjiang_offshore,21.75,112.2,17.4,85.0,690.0,30.4,1,2026-10-08T07:38:25
2026-10-12 12:00,yangjiang_offshore,21.75,112.2,17.5,91.0,754.0,30.6,1,2026-10-08T07:38:25
2026-10-12 13:00,yangjiang_offshore,21.75,112.2,17.3,98.0,759.0,30.1,1,2026-10-08T07:38:25
2026-10-12 14:00,yangjiang_offshore,21.75,112.2,17.2,103.0,704.0,29.6,1,2026-10-08T07:38:25
2026-10-12 15:00,yangjiang_offshore,21.75,112.2,17.5,107.0,594.0,29.2,1,2026-10-08T07:38:25
2026-10-12 16:00,yangjiang_offshore,21.75,112.2,17.8,110.0,445.0,28.7,1,2026-10-08T07:38:25
2026-10-12 17:00,yangjiang_offshore,21.75,112.2,18.0,112.0,267.0,28.1,1,2026-10-08T07:38:25
2026-10-12 18:00,yangjiang_offshore,21.75,112.2,18.6,113.0,78.0,27.6,1,2026-10-08T07:38:25
2026-10-12 19:00,yangjiang_offshore,21.75,112.2,19.3,114.0,0.0,27.0,1,2026-10-08T07:38:25
2026-10-12 20:00,yangjiang_offshore,21.75,112.2,19.3,114.0,0.0,26.6,1,2026-10-08T07:38:25
2026-10-12 21:00,yangjiang_offshore,21.75,112.2,18.7,114.0,0.0,26.3,1,2026-10-08T07:38:25
2026-10-12 22:00,yangjiang_offshore,21.75,112.2,17.7,113.0,0.0,26.1,1,2026-10-08T07:38:25
2026-10-12 23:00,yangjiang_offshore,21.75,112.2,15.7,112.0,0.0,25.8,1,2026-10-08T07:38:25
2026-10-13 00:00,yangjiang_offshore,21.75,112.2,12.7,108.0,0.0,25.3,1,2026-10-08T07:38:25
2026-10-13 01:00,yangjiang_offshore,21.75,112.2,9.1,100.0,0.0,24.6,1,2026-10-08T07:38:25
2026-10-13 02:00,yangjiang_offshore,21.75,112.2,6.5,85.0,0.0,24.1,1,2026-10-08T07:38:25
2026-10-13 03:00,yangjiang_offshore,21.75,112.2,5.3,66.0,0.0,23.5,1,2026-10-08T07:38:25
2026-10-13 04:00,yangjiang_offshore,21.75,112.2,5.2,46.0,0.0,23.1,1,2026-10-08T07:38:25
2026-10-13 05:00,yangjiang_offshore,21.75,112.2,5.9,35.0,0.0,23.0,1,2026-10-08T07:38:25
2026-10-13 06:00,yangjiang_offshore,21.75,112.2,7.0,32.0,0.0,23.4,1,2026-10-08T07:38:25
2026-10-13 07:00,yangjiang_offshore,21.75,112.2,8.4,35.0,10.0,24.2,1,2026-10-08T07:38:25
2026-10-13 08:00,yangjiang_offshore,21.75,112.2,9.0,38.0,140.0,25.3,1,2026-10-08T07:38:25
2026-10-13 09:00,yangjiang_offshore,21.75,112.2,9.1,41.0,375.0,27.0,1,2026-10-08T07:38:25
2026-10-13 10:00,yangjiang_offshore,21.75,112.2,8.4,45.0,570.0,29.0,1,2026-10-08T07:38:25
2026-10-13 11:00,yangjiang_offshore,21.75,112.2,7.3,57.0,718.0,30.5,1,2026-10-08T07:38:25
2026-10-13 12:00,yangjiang_offshore,21.75,112.2,6.3,92.0,815.0,30.8,1,2026-10-08T07:38:25
2026-10-13 13:00,yangjiang_offshore,21.75,112.2,8.4,130.0,825.0,30.5,1,2026-10-08T07:38:25
2026-10-13 14:00,yangjiang_offshore,21.75,112.2,11.7,144.0,761.0,30.1,1,2026-10-08T07:38:25
2026-10-13 15:00,yangjiang_offshore,21.75,112.2,13.5,147.0,623.0,29.6,1,2026-10-08T07:38:25
2026-10-13 16:00,yangjiang_offshore,21.75,112.2,14.5,146.0,464.0,29.0,1,2026-10-08T07:38:25
2026-10-13 17:00,yangjiang_offshore,21.75,112.2,15.1,144.0,278.0,28.3,1,2026-10-08T07:38:25
2026-10-13 18:00,yangjiang_offshore,21.75,112.2,15.6,142.0,81.0,27.7,1,2026-10-08T07:38:25
2026-10-13 19:00,yangjiang_offshore,21.75,112.2,15.8,138.0,0.0,27.1,1,2026-10-08T07:38:25
2026-10-13 20:00,yangjiang_offshore,21.75,112.2,15.7,135.0,0.0,26.6,1,2026-10-08T07:38:25
2026-10-13 21:00,yangjiang_offshore,21.75,112.2,15.2,132.0,0.0,26.3,1,2026-10-08T07:38:25
2026-10-13 22:00,yangjiang_offshore,21.75,112.2,14.1,129.0,0.0,26.1,1,2026-10-08T07:38:25
2026-10-13 23:00,yangjiang_offshore,21.75,112.2,12.1,125.0,0.0,25.8,1,2026-10-08T07:38:25
2026-10-14 00:00,yangjiang_offshore,21.75,112.2,8.6,121.0,0.0,25.4,1,2026-10-08T07:38:25
2026-10-14 01:00,yangjiang_offshore,21.75,112.2,4.4,111.0,0.0,24.8,1,2026-10-08T07:38:25
2026-10-14 02:00,yangjiang_offshore,21.75,112.2,1.9,56.0,0.0,24.3,1,2026-10-08T07:38:25
2026-10-14 03:00,yangjiang_offshore,21.75,112.2,3.5,9.0,0.0,23.9,1,2026-10-08T07:38:25
2026-10-14 04:00,yangjiang_offshore,21.75,112.2,5.4,2.0,0.0,23.4,1,2026-10-08T07:38:25
2026-10-14 05:00,yangjiang_offshore,21.75,112.2,6.7,5.0,0.0,23.4,1,2026-10-08T07:38:25
2026-10-14 06:00,yangjiang_offshore,21.75,112.2,7.1,41.0,0.0,24.7,1,2026-10-08T07:38:25
2026-10-14 07:00,yangjiang_offshore,21.75,112.2,8.0,46.0,10.0,25.0,1,2026-10-08T07:38:25
2026-10-14 08:00,yangjiang_offshore,21.75,112.2,8.5,52.0,134.0,25.5,1,2026-10-08T07:38:25
2026-10-14 09:00,yangjiang_offshore,21.75,112.2,8.0,62.0,370.0,26.2,1,2026-10-08T07:38:25
2026-10-14 10:00,yangjiang_offshore,21.75,112.2,7.3,79.0,556.0,27.1,1,2026-10-08T07:38:25
2026-10-14 11:00,yangjiang_offshore,21.75,112.2,7.5,101.0,701.0,28.1,1,2026-10-08T07:38:25
2026-10-14 12:00,yangjiang_offshore,21.75,112.2,8.8,121.0,788.0,29.1,1,2026-10-08T07:38:25
2026-10-14 13:00,yangjiang_offshore,21.75,112.2,10.7,131.0,809.0,29.9,1,2026-10-08T07:38:25
2026-10-14 14:00,yangjiang_offshore,21.75,112.2,12.5,134.0,759.0,30.2,1,2026-10-08T07:38:25
2026-10-14 15:00,yangjiang_offshore,21.75,112.2,14.4,131.0,612.0,30.1,1,2026-10-08T07:38:25
2026-10-14 16:00,yangjiang_offshore,21.75,112.2,16.6,127.0,464.0,29.6,1,2026-10-08T07:38:25
2026-10-14 17:00,yangjiang_offshore,21.75,112.2,19.0,121.0,281.0,29.0,1,2026-10-08T07:38:25
2026-10-14 18:00,yangjiang_offshore,21.75,112.2,21.2,117.0,83.0,28.2,1,2026-10-08T07:38:25
2026-10-14 19:00,yangjiang_offshore,21.75,112.2,22.7,113.0,0.0,27.4,1,2026-10-08T07:38:25
2026-10-14 20:00,yangjiang_offshore,21.75,112.2,23.4,110.0,0.0,26.8,1,2026-10-08T07:38:25
2026-10-14 21:00,yangjiang_offshore,21.75,112.2,22.8,107.0,0.0,26.4,1,2026-10-08T07:38:25
2026-10-14 22:00,yangjiang_offshore,21.75,112.2,21.1,104.0,0.0,25.9,1,2026-10-08T07:38:25
2026-10-14 23:00,yangjiang_offshore,21.75,112.2,19.0,99.0,0.0,25.5,1,2026-10-08T07:38:25
2026-10-01 00:00,shantou_offshore,23.3,117.0,17.8,211.0,0.0,28.8,0,2026-10-08T07:38:25
2026-10-01 01:00,shantou_offshore,23.3,117.0,16.0,209.0,0.0,28.8,0,2026-10-08T07:38:25
2026-10-01 02:00,shantou_offshore,23.3,117.0,15.3,201.0,0.0,28.7,0,2026-10-08T07:38:25
2026-10-01 03:00,shantou_offshore,23.3,117.0,14.3,247.0,0.0,28.7,0,2026-10-08T07:38:25
2026-10-01 04:00,shantou_offshore,23.3,117.0,12.2,284.0,0.0,27.9,0,2026-10-08T07:38:25
2026-10-01 05:00,shantou_offshore,23.3,117.0,2.9,227.0,0.0,27.7,0,2026-10-08T07:38:25
2026-10-01 06:00,shantou_offshore,23.3,117.0,5.6,230.0,0.0,27.8,0,2026-10-08T07:38:25
2026-10-01 07:00,shantou_offshore,23.3,117.0,5.2,256.0,47.0,27.7,0,2026-10-08T07:38:25
2026-10-01 08:00,shantou_offshore,23.3,117.0,4.3,248.0,225.0,27.5,0,2026-10-08T07:38:25
2026-10-01 09:00,shantou_offshore,23.3,117.0,15.6,299.0,404.0,27.0,0,2026-10-08T07:38:25
2026-10-01 10:00,shantou_offshore,23.3,117.0,5.5,289.0,457.0,26.6,0,2026-10-08T07:38:25
2026-10-01 11:00,shantou_offshore,23.3,117.0,5.8,277.0,749.0,26.5,0,2026-10-08T07:38:25
2026-10-01 12:00,shantou_offshore,23.3,117.0,6.0,207.0,832.0,26.6,0,2026-10-08T07:38:25
2026-10-01 13:00,shantou_offshore,23.3,117.0,13.2,202.0,846.0,26.8,0,2026-10-08T07:38:25
2026-10-01 14:00,shantou_offshore,23.3,117.0,7.3,250.0,764.0,27.0,0,2026-10-08T07:38:25
2026-10-01 15:00,shantou_offshore,23.3,117.0,6.0,226.0,477.0,27.0,0,2026-10-08T07:38:25
2026-10-01 16:00,shantou_offshore,23.3,117.0,6.7,172.0,427.0,27.7,0,2026-10-08T07:38:25
2026-10-01 17:00,shantou_offshore,23.3,117.0,7.9,169.0,221.0,28.1,0,2026-10-08T07:38:25
2026-10-01 18:00,shantou_offshore,23.3,117.0,6.6,221.0,54.0,28.3,0,2026-10-08T07:38:25
2026-10-01 19:00,shantou_offshore,23.3,117.0,5.0,244.0,0.0,28.3,0,2026-10-08T07:38:25
2026-10-01 20:00,shantou_offshore,23.3,117.0,9.6,317.0,0.0,27.9,0,2026-10-08T07:38:25
2026-10-01 21:00,shantou_offshore,23.3,117.0,7.6,266.0,0.0,27.2,0,2026-10-08T07:38:25
2026-10-01 22:00,shantou_offshore,23.3,117.0,5.3,215.0,0.0,27.1,0,2026-10-08T07:38:25
2026-10-01 23:00,shantou_offshore,23.3,117.0,3.1,277.0,0.0,27.1,0,2026-10-08T07:38:25
2026-10-02 00:00,shantou_offshore,23.3,117.0,5.4,76.0,0.0,27.3,0,2026-10-08T07:38:25
2026-10-02 01:00,shantou_offshore,23.3,117.0,9.7,299.0,0.0,26.3,0,2026-10-08T07:38:25
2026-10-02 02:00,shantou_offshore,23.3,117.0,12.4,77.0,0.0,26.6,0,2026-10-08T07:38:25
2026-10-02 03:00,shantou_offshore,23.3,117.0,13.0,56.0,0.0,26.5,0,2026-10-08T07:38:25
2026-10-02 04:00,shantou_offshore,23.3,117.0,19.1,79.0,0.0,26.4,0,2026-10-08T07:38:25
2026-10-02 05:00,shantou_offshore,23.3,117.0,18.2,70.0,0.0,26.6,0,2026-10-08T07:38:25
2026-10-02 06:00,shantou_offshore,23.3,117.0,16.4,69.0,0.0,26.1,0,2026-10-08T07:38:25
2026-10-02 07:00,shantou_offshore,23.3,117.0,20.1,81.0,18.0,25.8,0,2026-10-08T07:38:25
2026-10-02 08:00,shantou_offshore,23.3,117.0,17.0,77.0,84.0,26.7,0,2026-10-08T07:38:25
2026-10-02 09:00,shantou_offshore,23.3,117.0,6.5,66.0,97.0,27.0,0,2026-10-08T07:38:25
2026-10-02 10:00,shantou_offshore,23.3,117.0,6.3,63.0,81.0,26.9,0,2026-10-08T07:38:25
2026-10-02 11:00,shantou_offshore,23.3,117.0,5.4,75.0,193.0,27.0,0,2026-10-08T07:38:25
2026-10-02 12:00,shantou_offshore,23.3,117.0,7.5,53.0,258.0,27.2,0,2026-10-08T07:38:25
2026-10-02 13:00,shantou_offshore,23.3,117.0,7.4,90.0,375.0,27.3,0,2026-10-08T07:38:25
2026-10-02 14:00,shantou_offshore,23.3,117.0,4.8,169.0,379.0,27.7,0,2026-10-08T07:38:25
2026-10-02 15:00,shantou_offshore,23.3,117.0,4.0,108.0,333.0,27.7,0,2026-10-08T07:38:25
2026-10-02 16:00,shantou_offshore,23.3,117.0,7.1,60.0,364.0,28.1,0,2026-10-08T07:38:25
2026-10-02 17:00,shantou_offshore,23.3,117.0,17.1,66.0,195.0,28.5,0,2026-10-08T07:38:25
2026-10-02 18:00,shantou_offshore,23.3,117.0,22.3,67.0,42.0,28.3,0,2026-10-08T07:38:25
2026-10-02 19:00,shantou_offshore,23.3,117.0,22.9,71.0,0.0,28.2,0,2026-10-08T07:38:25
2026-10-02 20:00,shantou_offshore,23.3,117.0,25.4,71.0,0.0,28.1,0,2026-10-08T07:38:25
2026-10-02 21:00,shantou_offshore,23.3,117.0,23.0,66.0,0.0,27.6,0,2026-10-08T07:38:25
2026-10-02 22:00,shantou_offshore,23.3,117.0,19.6,55.0,0.0,27.0,0,2026-10-08T07:38:25
2026-10-02 23:00,shantou_offshore,23.3,117.0,21.2,57.0,0.0,27.4,0,2026-10-08T07:38:25
2026-10-03 00:00,shantou_offshore,23.3,117.0,31.2,61.0,0.0,26.4,0,2026-10-08T07:38:25
2026-10-03 01:00,shantou_offshore,23.3,117.0,30.0,66.0,0.0,26.8,0,2026-10-08T07:38:25
2026-10-03 02:00,shantou_offshore,23.3,117.0,35.0,68.0,0.0,26.9,0,2026-10-08T07:38:25
2026-10-03 03:00,shantou_offshore,23.3,117.0,33.6,64.0,0.0,26.9,0,2026-10-08T07:38:25
2026-10-03 04:00,shantou_offshore,23.3,117.0,35.4,58.0,0.0,26.8,0,2026-10-08T07:38:25
2026-10-03 05:00,shantou_offshore,23.3,117.0,35.0,53.0,0.0,26.6,0,2026-10-08T07:38:25
2026-10-03 06:00,shantou_offshore,23.3,117.0,31.2,46.0,0.0,26.5,0,2026-10-08T07:38:25
2026-10-03 07:00,shantou_offshore,23.3,117.0,32.0,41.0,31.0,26.5,0,2026-10-08T07:38:25
2026-10-03 08:00,shantou_offshore,23.3,117.0,25.0,46.0,204.0,26.9,0,2026-10-08T07:38:25
2026-10-03 09:00,shantou_offshore,23.3,117.0,24.3,51.0,397.0,27.0,0,2026-10-08T07:38:25
2026-10-03 10:00,shantou_offshore,23.3,117.0,24.0,57.0,561.0,27.3,0,2026-10-08T07:38:25
2026-10-03 11:00,shantou_offshore,23.3,117.0,24.5,54.0,643.0,27.7,0,2026-10-08T07:38:25
2026-10-03 12:00,shantou_offshore,23.3,117.0,26.1,59.0,671.0,27.9,0,2026-10-08T07:38:25
2026-10-03 13:00,shantou_offshore,23.3,117.0,22.9,79.0,799.0,27.9,0,2026-10-08T07:38:25
2026-10-03 14:00,shantou_offshore,23.3,117.0,22.6,74.0,647.0,27.8,0,2026-10-08T07:38:25
2026-10-03 15:00,shantou_offshore,23.3,117.0,21.1,86.0,645.0,27.7,0,2026-10-08T07:38:25
2026-10-03 16:00,shantou_offshore,23.3,117.0,20.4,86.0,458.0,27.7,0,2026-10-08T07:38:25
2026-10-03 17:00,shantou_offshore,23.3,117.0,23.5,86.0,224.0,27.7,0,2026-10-08T07:38:25
2026-10-03 18:00,shantou_offshore,23.3,117.0,23.0,83.0,45.0,27.6,0,2026-10-08T07:38:25
2026-10-03 19:00,shantou_offshore,23.3,117.0,20.8,78.0,0.0,27.8,0,2026-10-08T07:38:25
2026-10-03 20:00,shantou_offshore,23.3,117.0,22.0,77.0,0.0,28.5,0,2026-10-08T07:38:25
2026-10-03 21:00,shantou_offshore,23.3,117.0,24.9,72.0,0.0,28.7,0,2026-10-08T07:38:25
2026-10-03 22:00,shantou_offshore,23.3,117.0,28.0,71.0,0.0,28.2,0,2026-10-08T07:38:25
2026-10-03 23:00,shantou_offshore,23.3,117.0,26.3,75.0,0.0,28.0,0,2026-10-08T07:38:25
2026-10-04 00:00,shantou_offshore,23.3,117.0,24.2,71.0,0.0,28.2,0,2026-10-08T07:38:25
2026-10-04 01:00,shantou_offshore,23.3,117.0,21.1,61.0,0.0,27.5,0,2026-10-08T07:38:25
2026-10-04 02:00,shantou_offshore,23.3,117.0,19.9,63.0,0.0,27.7,0,2026-10-08T07:38:25
2026-10-04 03:00,shantou_offshore,23.3,117.0,21.8,63.0,0.0,27.5,0,2026-10-08T07:38:25
2026-10-04 04:00,shantou_offshore,23.3,117.0,20.9,65.0,0.0,27.6,0,2026-10-08T07:38:25
2026-10-04 05:00,shantou_offshore,23.3,117.0,21.3,64.0,0.0,27.5,0,2026-10-08T07:38:25
2026-10-04 06:00,shantou_offshore,23.3,117.0,21.0,61.0,0.0,27.4,0,2026-10-08T07:38:25
2026-10-04 07:00,shantou_offshore,23.3,117.0,19.9,55.0,40.0,27.3,0,2026-10-08T07:38:25
2026-10-04 08:00,shantou_offshore,23.3,117.0,16.1,63.0,179.0,27.8,0,2026-10-08T07:38:25
2026-10-04 09:00,shantou_offshore,23.3,117.0,13.9,71.0,408.0,28.0,0,2026-10-08T07:38:25
2026-10-04 10:00,shantou_offshore,23.3,117.0,11.9,63.0,596.0,28.0,0,2026-10-08T07:38:25
2026-10-04 11:00,shantou_offshore,23.3,117.0,10.0,69.0,740.0,28.0,0,2026-10-08T07:38:25
2026-10-04 12:00,shantou_offshore,23.3,117.0,8.5,103.0,821.0,28.0,0,2026-10-08T07:38:25
2026-10-04 13:00,shantou_offshore,23.3,117.0,11.1,141.0,826.0,27.5,0,2026-10-08T07:38:25
2026-10-04 14:00,shantou_offshore,23.3,117.0,7.5,132.0,733.0,27.8,0,2026-10-08T07:38:25
2026-10-04 15:00,shantou_offshore,23.3,117.0,11.1,138.0,627.0,27.9,0,2026-10-08T07:38:25
2026-10-04 16:00,shantou_offshore,23.3,117.0,9.8,148.0,449.0,27.5,0,2026-10-08T07:38:25
2026-10-04 17:00,shantou_offshore,23.3,117.0,1.9,253.0,215.0,27.3,0,2026-10-08T07:38:25
2026-10-04 18:00,shantou_offshore,23.3,117.0,5.0,341.0,47.0,27.6,0,2026-10-08T07:38:25
2026-10-04 19:00,shantou_offshore,23.3,117.0,7.9,327.0,0.0,27.7,0,2026-10-08T07:38:25
2026-10-04 20:00,shantou_offshore,23.3,117.0,4.3,2.0,0.0,28.8,0,2026-10-08T07:38:25
2026-10-04 21:00,shantou_offshore,23.3,117.0,9.0,329.0,0.0,28.7,0,2026-10-08T07:38:25
2026-10-04 22:00,shantou_offshore,23.3,117.0,11.0,325.0,0.0,28.4,0,2026-10-08T07:38:25
2026-10-04 23:00,shantou_offshore,23.3,117.0,14.5,332.0,0.0,28.0,0,2026-10-08T07:38:25
2026-10-05 00:00,shantou_offshore,23.3,117.0,14.5,291.0,0.0,26.5,0,2026-10-08T07:38:25
2026-10-05 01:00,shantou_offshore,23.3,117.0,13.8,310.0,0.0,26.2,0,2026-10-08T07:38:25
2026-10-05 02:00,shantou_offshore,23.3,117.0,11.7,326.0,0.0,26.8,0,2026-10-08T07:38:25
2026-10-05 03:00,shantou_offshore,23.3,117.0,19.2,6.0,0.0,26.8,0,2026-10-08T07:38:25
2026-10-05 04:00,shantou_offshore,23.3,117.0,26.1,358.0,0.0,26.0,0,2026-10-08T07:38:25
2026-10-05 05:00,shantou_offshore,23.3,117.0,24.9,3.0,0.0,25.9,0,2026-10-08T07:38:25
2026-10-05 06:00,shantou_offshore,23.3,117.0,24.0,357.0,0.0,25.6,0,2026-10-08T07:38:25
2026-10-05 07:00,shantou_offshore,23.3,117.0,25.3,356.0,36.0,25.5,0,2026-10-08T07:38:25
2026-10-05 08:00,shantou_offshore,23.3,117.0,17.1,14.0,188.0,24.9,0,2026-10-08T07:38:25
2026-10-05 09:00,shantou_offshore,23.3,117.0,20.7,3.0,318.0,25.5,0,2026-10-08T07:38:25
2026-10-05 10:00,shantou_offshore,23.3,117.0,19.7,14.0,551.0,26.2,0,2026-10-08T07:38:25
2026-10-05 11:00,shantou_offshore,23.3,117.0,16.9,20.0,632.0,26.9,0,2026-10-08T07:38:25
2026-10-05 12:00,shantou_offshore,23.3,117.0,19.3,27.0,444.0,26.7,0,2026-10-08T07:38:25
2026-10-05 13:00,shantou_offshore,23.3,117.0,24.0,24.0,632.0,26.1,0,2026-10-08T07:38:25
2026-10-05 14:00,shantou_offshore,23.3,117.0,20.7,11.0,418.0,25.8,0,2026-10-08T07:38:25
2026-10-05 15:00,shantou_offshore,23.3,117.0,18.6,9.0,346.0,25.3,0,2026-10-08T07:38:25
2026-10-05 16:00,shantou_offshore,23.3,117.0,29.4,26.0,103.0,25.9,0,2026-10-08T07:38:25
2026-10-05 17:00,shantou_offshore,23.3,117.0,37.2,42.0,123.0,26.5,0,2026-10-08T07:38:25
2026-10-05 18:00,shantou_offshore,23.3,117.0,41.0,37.0,15.0,26.3,0,2026-10-08T07:38:25
2026-10-05 19:00,shantou_offshore,23.3,117.0,39.3,37.0,0.0,26.0,0,2026-10-08T07:38:25
2026-10-05 20:00,shantou_offshore,23.3,117.0,34.7,31.0,0.0,26.6,0,2026-10-08T07:38:25
2026-10-05 21:00,shantou_offshore,23.3,117.0,37.7,36.0,0.0,26.4,0,2026-10-08T07:38:25
2026-10-05 22:00,shantou_offshore,23.3,117.0,42.1,45.0,0.0,26.2,0,2026-10-08T07:38:25
2026-10-05 23:00,shantou_offshore,23.3,117.0,43.7,44.0,0.0,26.1,0,2026-10-08T07:38:25
2026-10-06 00:00,shantou_offshore,23.3,117.0,47.0,44.0,0.0,26.2,0,2026-10-08T07:38:25
2026-10-06 01:00,shantou_offshore,23.3,117.0,43.5,44.0,0.0,26.1,0,2026-10-08T07:38:25
2026-10-06 02:00,shantou_offshore,23.3,117.0,47.0,47.0,0.0,26.1,0,2026-10-08T07:38:25
2026-10-06 03:00,shantou_offshore,23.3,117.0,42.8,45.0,0.0,25.9,0,2026-10-08T07:38:25
2026-10-06 04:00,shantou_offshore,23.3,117.0,33.2,36.0,0.0,25.4,0,2026-10-08T07:38:25
2026-10-06 05:00,shantou_offshore,23.3,117.0,27.3,27.0,0.0,24.9,0,2026-10-08T07:38:25
2026-10-06 06:00,shantou_offshore,23.3,117.0,27.3,35.0,0.0,24.8,0,2026-10-08T07:38:25
2026-10-06 07:00,shantou_offshore,23.3,117.0,35.1,49.0,34.0,25.1,0,2026-10-08T07:38:25
2026-10-06 08:00,shantou_offshore,23.3,117.0,35.4,46.0,183.0,25.3,0,2026-10-08T07:38:25
2026-10-06 09:00,shantou_offshore,23.3,117.0,36.3,40.0,432.0,25.3,0,2026-10-08T07:38:25
2026-10-06 10:00,shantou_offshore,23.3,117.0,41.0,39.0,636.0,25.8,0,2026-10-08T07:38:25
2026-10-06 11:00,shantou_offshore,23.3,117.0,41.9,40.0,771.0,26.3,0,2026-10-08T07:38:25
2026-10-06 12:00,shantou_offshore,23.3,117.0,37.7,43.0,832.0,26.7,0,2026-10-08T07:38:25
2026-10-06 13:00,shantou_offshore,23.3,117.0,33.5,44.0,791.0,26.9,0,2026-10-08T07:38:25
2026-10-06 14:00,shantou_offshore,23.3,117.0,32.5,54.0,575.0,26.6,0,2026-10-08T07:38:25
2026-10-06 15:00,shantou_offshore,23.3,117.0,29.7,53.0,420.0,26.9,0,2026-10-08T07:38:25
2026-10-06 16:00,shantou_offshore,23.3,117.0,27.3,48.0,230.0,27.0,0,2026-10-08T07:38:25
2026-10-06 17:00,shantou_offshore,23.3,117.0,27.8,30.0,109.0,26.5,0,2026-10-08T07:38:25
2026-10-06 18:00,shantou_offshore,23.3,117.0,27.4,32.0,15.0,26.6,0,2026-10-08T07:38:25
2026-10-06 19:00,shantou_offshore,23.3,117.0,23.3,33.0,0.0,26.6,0,2026-10-08T07:38:25
2026-10-06 20:00,shantou_offshore,23.3,117.0,22.1,21.0,0.0,26.1,0,2026-10-08T07:38:25
2026-10-06 21:00,shantou_offshore,23.3,117.0,22.4,24.0,0.0,25.9,0,2026-10-08T07:38:25
2026-10-06 22:00,shantou_offshore,23.3,117.0,23.6,31.0,0.0,25.9,0,2026-10-08T07:38:25
2026-10-06 23:00,shantou_offshore,23.3,117.0,24.3,40.0,0.0,25.9,0,2026-10-08T07:38:25
2026-10-07 00:00,shantou_offshore,23.3,117.0,25.1,45.0,0.0,25.7,0,2026-10-08T07:38:25
2026-10-07 01:00,shantou_offshore,23.3,117.0,28.5,47.0,0.0,25.6,0,2026-10-08T07:38:25
2026-10-07 02:00,shantou_offshore,23.3,117.0,28.4,44.0,0.0,25.2,0,2026-10-08T07:38:25
2026-10-07 03:00,shantou_offshore,23.3,117.0,35.5,47.0,0.0,24.9,0,2026-10-08T07:38:25
2026-10-07 04:00,shantou_offshore,23.3,117.0,41.2,42.0,0.0,24.3,0,2026-10-08T07:38:25
2026-10-07 05:00,shantou_offshore,23.3,117.0,43.6,42.0,0.0,24.0,0,2026-10-08T07:38:25
2026-10-07 06:00,shantou_offshore,23.3,117.0,46.7,42.0,0.0,23.8,0,2026-10-08T07:38:25
2026-10-07 07:00,shantou_offshore,23.3,117.0,48.5,41.0,47.0,23.9,0,2026-10-08T07:38:25
2026-10-07 08:00,shantou_offshore,23.3,117.0,45.9,40.0,238.0,24.1,0,2026-10-08T07:38:25
2026-10-07 09:00,shantou_offshore,23.3,117.0,46.7,43.0,459.0,24.4,0,2026-10-08T07:38:25
2026-10-07 10:00,shantou_offshore,23.3,117.0,45.7,46.0,635.0,24.7,0,2026-10-08T07:38:25
2026-10-07 11:00,shantou_offshore,23.3,117.0,42.8,53.0,782.0,25.0,0,2026-10-08T07:38:25
2026-10-07 12:00,shantou_offshore,23.3,117.0,42.0,55.0,835.0,25.2,0,2026-10-08T07:38:25
2026-10-07 13:00,shantou_offshore,23.3,117.0,42.2,56.0,836.0,25.5,0,2026-10-08T07:38:25
2026-10-07 14:00,shantou_offshore,23.3,117.0,35.8,60.0,764.0,25.6,0,2026-10-08T07:38:25
2026-10-07 15:00,shantou_offshore,23.3,117.0,32.8,60.0,643.0,26.0,0,2026-10-08T07:38:25
2026-10-07 16:00,shantou_offshore,23.3,117.0,31.9,61.0,455.0,26.4,0,2026-10-08T07:38:25
2026-10-07 17:00,shantou_offshore,23.3,117.0,32.7,62.0,239.0,26.4,0,2026-10-08T07:38:25
2026-10-07 18:00,shantou_offshore,23.3,117.0,36.3,66.0,47.0,26.5,0,2026-10-08T07:38:25
2026-10-07 19:00,shantou_offshore,23.3,117.0,41.9,66.0,0.0,26.3,0,2026-10-08T07:38:25
2026-10-07 20:00,shantou_offshore,23.3,117.0,43.2,62.0,0.0,26.1,0,2026-10-08T07:38:25
2026-10-07 21:00,shantou_offshore,23.3,117.0,44.4,62.0,0.0,25.9,0,2026-10-08T07:38:25
2026-10-07 22:00,shantou_offshore,23.3,117.0,45.8,61.0,0.0,25.6,0,2026-10-08T07:38:25
2026-10-07 23:00,shantou_offshore,23.3,117.0,47.9,59.0,0.0,25.2,0,2026-10-08T07:38:25
2026-10-08 00:00,shantou_offshore,23.3,117.0,46.1,56.0,0.0,24.9,0,2026-10-08T07:38:25
2026-10-08 01:00,shantou_offshore,23.3,117.0,43.9,52.0,0.0,24.5,0,2026-10-08T07:38:25
2026-10-08 02:00,shantou_offshore,23.3,117.0,43.8,48.0,0.0,24.0,0,2026-10-08T07:38:25
2026-10-08 03:00,shantou_offshore,23.3,117.0,46.5,43.0,0.0,23.7,0,2026-10-08T07:38:25
2026-10-08 04:00,shantou_offshore,23.3,117.0,45.9,41.0,0.0,23.7,0,2026-10-08T07:38:25
2026-10-08 05:00,shantou_offshore,23.3,117.0,41.5,37.0,0.0,23.8,0,2026-10-08T07:38:25
2026-10-08 06:00,shantou_offshore,23.3,117.0,41.4,38.0,0.0,23.9,0,2026-10-08T07:38:25
2026-10-08 07:00,shantou_offshore,23.3,117.0,40.0,36.0,45.0,24.0,0,2026-10-08T07:38:25
2026-10-08 08:00,shantou_offshore,23.3,117.0,38.1,35.0,238.0,24.2,0,2026-10-08T07:38:25
2026-10-08 09:00,shantou_offshore,23.3,117.0,38.0,36.0,449.0,24.6,0,2026-10-08T07:38:25
2026-10-08 10:00,shantou_offshore,23.3,117.0,38.7,43.0,633.0,25.1,0,2026-10-08T07:38:25
2026-10-08 11:00,shantou_offshore,23.3,117.0,37.0,46.0,742.0,25.5,0,2026-10-08T07:38:25
2026-10-08 12:00,shantou_offshore,23.3,117.0,35.2,51.0,797.0,25.9,0,2026-10-08T07:38:25
2026-10-08 13:00,shantou_offshore,23.3,117.0,34.7,57.0,810.0,26.0,0,2026-10-08T07:38:25
2026-10-08 14:00,shantou_offshore,23.3,117.0,36.9,65.0,760.0,26.2,0,2026-10-08T07:38:25
2026-10-08 15:00,shantou_offshore,23.3,117.0,38.4,70.0,630.0,26.1,0,2026-10-08T07:38:25
2026-10-08 16:00,shantou_offshore,23.3,117.0,40.1,73.0,449.0,26.4,0,2026-10-08T07:38:25
2026-10-08 17:00,shantou_offshore,23.3,117.0,42.8,74.0,222.0,26.5,0,2026-10-08T07:38:25
2026-10-08 18:00,shantou_offshore,23.3,117.0,45.3,70.0,43.0,26.7,0,2026-10-08T07:38:25
2026-10-08 19:00,shantou_offshore,23.3,117.0,46.4,72.0,0.0,26.2,0,2026-10-08T07:38:25
2026-10-08 20:00,shantou_offshore,23.3,117.0,44.6,70.0,0.0,26.2,0,2026-10-08T07:38:25
2026-10-08 21:00,shantou_offshore,23.3,117.0,44.7,68.0,0.0,26.2,0,2026-10-08T07:38:25
2026-10-08 22:00,shantou_offshore,23.3,117.0,45.1,64.0,0.0,26.0,0,2026-10-08T07:38:25
2026-10-08 23:00,shantou_offshore,23.3,117.0,45.4,59.0,0.0,25.7,0,2026-10-08T07:38:25
2026-10-08 00:00,shantou_offshore,23.3,117.0,46.1,56.0,0.0,24.9,1,2026-10-08T07:38:25
2026-10-08 01:00,shantou_offshore,23.3,117.0,43.9,52.0,0.0,24.5,1,2026-10-08T07:38:25
2026-10-08 02:00,shantou_offshore,23.3,117.0,43.8,48.0,0.0,24.0,1,2026-10-08T07:38:25
2026-10-08 03:00,shantou_offshore,23.3,117.0,46.5,43.0,0.0,23.7,1,2026-10-08T07:38:25
2026-10-08 04:00,shantou_offshore,23.3,117.0,45.9,41.0,0.0,23.7,1,2026-10-08T07:38:25
2026-10-08 05:00,shantou_offshore,23.3,117.0,41.5,37.0,0.0,23.8,1,2026-10-08T07:38:25
2026-10-08 06:00,shantou_offshore,23.3,117.0,41.4,38.0,0.0,23.9,1,2026-10-08T07:38:25
2026-10-08 07:00,shantou_offshore,23.3,117.0,40.0,36.0,45.0,24.0,1,2026-10-08T07:38:25
2026-10-08 08:00,shantou_offshore,23.3,117.0,38.1,35.0,238.0,24.2,1,2026-10-08T07:38:25
2026-10-08 09:00,shantou_offshore,23.3,117.0,38.0,36.0,449.0,24.6,1,2026-10-08T07:38:25
2026-10-08 10:00,shantou_offshore,23.3,117.0,38.7,43.0,633.0,25.1,1,2026-10-08T07:38:25
2026-10-08 11:00,shantou_offshore,23.3,117.0,37.0,46.0,742.0,25.5,1,2026-10-08T07:38:25
2026-10-08 12:00,shantou_offshore,23.3,117.0,35.2,51.0,797.0,25.9,1,2026-10-08T07:38:25
2026-10-08 13:00,shantou_offshore,23.3,117.0,34.7,57.0,810.0,26.0,1,2026-10-08T07:38:25
2026-10-08 14:00,shantou_offshore,23.3,117.0,36.9,65.0,760.0,26.2,1,2026-10-08T07:38:25
2026-10-08 15:00,shantou_offshore,23.3,117.0,38.4,70.0,630.0,26.1,1,2026-10-08T07:38:25
2026-10-08 16:00,shantou_offshore,23.3,117.0,40.1,73.0,449.0,26.4,1,2026-10-08T07:38:25
2026-10-08 17:00,shantou_offshore,23.3,117.0,42.8,74.0,222.0,26.5,1,2026-10-08T07:38:25
2026-10-08 18:00,shantou_offshore,23.3,117.0,45.3,70.0,43.0,26.7,1,2026-10-08T07:38:25
2026-10-08 19:00,shantou_offshore,23.3,117.0,46.4,72.0,0.0,26.2,1,2026-10-08T07:38:25
2026-10-08 20:00,shantou_offshore,23.3,117.0,44.6,70.0,0.0,26.2,1,2026-10-08T07:38:25
2026-10-08 21:00,shantou_offshore,23.3,117.0,44.7,68.0,0.0,26.2,1,2026-10-08T07:38:25
2026-10-08 22:00,shantou_offshore,23.3,117.0,45.1,64.0,0.0,26.0,1,2026-10-08T07:38:25
2026-10-08 23:00,shantou_offshore,23.3,117.0,45.4,59.0,0.0,25.7,1,2026-10-08T07:38:25
2026-10-09 00:00,shantou_offshore,23.3,117.0,43.2,53.0,0.0,25.2,1,2026-10-08T07:38:25
2026-10-09 01:00,shantou_offshore,23.3,117.0,40.4,48.0,0.0,24.9,1,2026-10-08T07:38:25
2026-10-09 02:00,shantou_offshore,23.3,117.0,40.7,45.0,0.0,24.5,1,2026-10-08T07:38:25
2026-10-09 03:00,shantou_offshore,23.3,117.0,41.0,44.0,0.0,24.4,1,2026-10-08T07:38:25
2026-10-09 04:00,shantou_offshore,23.3,117.0,39.0,42.0,0.0,24.4,1,2026-10-08T07:38:25
2026-10-09 05:00,shantou_offshore,23.3,117.0,39.6,42.0,0.0,24.3,1,2026-10-08T07:38:25
2026-10-09 06:00,shantou_offshore,23.3,117.0,40.8,42.0,0.0,24.3,1,2026-10-08T07:38:25
2026-10-09 07:00,shantou_offshore,23.3,117.0,39.0,43.0,46.0,24.3,1,2026-10-08T07:38:25
2026-10-09 08:00,shantou_offshore,23.3,117.0,38.0,41.0,235.0,24.3,1,2026-10-08T07:38:25
2026-10-09 09:00,shantou_offshore,23.3,117.0,36.1,41.0,454.0,24.6,1,2026-10-08T07:38:25
2026-10-09 10:00,shantou_offshore,23.3,117.0,33.6,43.0,644.0,24.9,1,2026-10-08T07:38:25
2026-10-09 11:00,shantou_offshore,23.3,117.0,33.3,45.0,777.0,25.4,1,2026-10-08T07:38:25
2026-10-09 12:00,shantou_offshore,23.3,117.0,31.2,51.0,849.0,25.8,1,2026-10-08T07:38:25
2026-10-09 13:00,shantou_offshore,23.3,117.0,29.4,58.0,849.0,26.0,1,2026-10-08T07:38:25
2026-10-09 14:00,shantou_offshore,23.3,117.0,30.2,63.0,776.0,26.2,1,2026-10-08T07:38:25
2026-10-09 15:00,shantou_offshore,23.3,117.0,33.1,72.0,634.0,25.8,1,2026-10-08T07:38:25
2026-10-09 16:00,shantou_offshore,23.3,117.0,35.1,75.0,447.0,26.0,1,2026-10-08T07:38:25
2026-10-09 17:00,shantou_offshore,23.3,117.0,33.1,80.0,231.0,26.1,1,2026-10-08T07:38:25
2026-10-09 18:00,shantou_offshore,23.3,117.0,34.9,80.0,42.0,25.9,1,2026-10-08T07:38:25
2026-10-09 19:00,shantou_offshore,23.3,117.0,35.7,74.0,0.0,25.9,1,2026-10-08T07:38:25
2026-10-09 20:00,shantou_offshore,23.3,117.0,35.4,70.0,0.0,26.1,1,2026-10-08T07:38:25
2026-10-09 21:00,shantou_offshore,23.3,117.0,35.9,66.0,0.0,26.2,1,2026-10-08T07:38:25
2026-10-09 22:00,shantou_offshore,23.3,117.0,38.2,60.0,0.0,25.9,1,2026-10-08T07:38:25
2026-10-09 23:00,shantou_offshore,23.3,117.0,40.1,55.0,0.0,25.6,1,2026-10-08T07:38:25
2026-10-10 00:00,shantou_offshore,23.3,117.0,39.4,55.0,0.0,25.3,1,2026-10-08T07:38:25
2026-10-10 01:00,shantou_offshore,23.3,117.0,37.4,52.0,0.0,25.0,1,2026-10-08T07:38:25
2026-10-10 02:00,shantou_offshore,23.3,117.0,36.4,47.0,0.0,24.6,1,2026-10-08T07:38:25
2026-10-10 03:00,shantou_offshore,23.3,117.0,37.6,44.0,0.0,24.4,1,2026-10-08T07:38:25
2026-10-10 04:00,shantou_offshore,23.3,117.0,37.5,42.0,0.0,24.4,1,2026-10-08T07:38:25
2026-10-10 05:00,shantou_offshore,23.3,117.0,36.3,40.0,0.0,24.4,1,2026-10-08T07:38:25
2026-10-10 06:00,shantou_offshore,23.3,117.0,34.9,40.0,0.0,24.5,1,2026-10-08T07:38:25
2026-10-10 07:00,shantou_offshore,23.3,117.0,33.6,40.0,46.0,24.6,1,2026-10-08T07:38:25
2026-10-10 08:00,shantou_offshore,23.3,117.0,32.8,38.0,235.0,24.7,1,2026-10-08T07:38:25
2026-10-10 09:00,shantou_offshore,23.3,117.0,31.3,36.0,452.0,25.0,1,2026-10-08T07:38:25
2026-10-10 10:00,shantou_offshore,23.3,117.0,30.9,40.0,640.0,25.4,1,2026-10-08T07:38:25
2026-10-10 11:00,shantou_offshore,23.3,117.0,30.7,47.0,775.0,26.0,1,2026-10-08T07:38:25
2026-10-10 12:00,shantou_offshore,23.3,117.0,30.5,56.0,844.0,26.3,1,2026-10-08T07:38:25
2026-10-10 13:00,shantou_offshore,23.3,117.0,29.9,66.0,840.0,26.3,1,2026-10-08T07:38:25
2026-10-10 14:00,shantou_offshore,23.3,117.0,30.4,73.0,767.0,26.1,1,2026-10-08T07:38:25
2026-10-10 15:00,shantou_offshore,23.3,117.0,30.2,78.0,630.0,26.2,1,2026-10-08T07:38:25
2026-10-10 16:00,shantou_offshore,23.3,117.0,27.9,79.0,441.0,26.4,1,2026-10-08T07:38:25
2026-10-10 17:00,shantou_offshore,23.3,117.0,29.6,82.0,225.0,25.9,1,2026-10-08T07:38:25
2026-10-10 18:00,shantou_offshore,23.3,117.0,32.0,80.0,40.0,25.8,1,2026-10-08T07:38:25
2026-10-10 19:00,shantou_offshore,23.3,117.0,32.8,75.0,0.0,26.0,1,2026-10-08T07:38:25
2026-10-10 20:00,shantou_offshore,23.3,117.0,34.8,70.0,0.0,26.0,1,2026-10-08T07:38:25
2026-10-10 21:00,shantou_offshore,23.3,117.0,36.0,65.0,0.0,25.9,1,2026-10-08T07:38:25
2026-10-10 22:00,shantou_offshore,23.3,117.0,37.5,60.0,0.0,25.8,1,2026-10-08T07:38:25
2026-10-10 23:00,shantou_offshore,23.3,117.0,38.9,56.0,0.0,25.6,1,2026-10-08T07:38:25
2026-10-11 00:00,shantou_offshore,23.3,117.0,38.3,53.0,0.0,25.4,1,2026-10-08T07:38:25
2026-10-11 01:00,shantou_offshore,23.3,117.0,37.6,52.0,0.0,25.2,1,2026-10-08T07:38:25
2026-10-11 02:00,shantou_offshore,23.3,117.0,36.5,49.0,0.0,25.0,1,2026-10-08T07:38:25
2026-10-11 03:00,shantou_offshore,23.3,117.0,37.4,48.0,0.0,24.8,1,2026-10-08T07:38:25
2026-10-11 04:00,shantou_offshore,23.3,117.0,37.7,46.0,0.0,24.8,1,2026-10-08T07:38:25
2026-10-11 05:00,shantou_offshore,23.3,117.0,37.8,44.0,0.0,24.8,1,2026-10-08T07:38:25
2026-10-11 06:00,shantou_offshore,23.3,117.0,35.4,42.0,0.0,24.9,1,2026-10-08T07:38:25
2026-10-11 07:00,shantou_offshore,23.3,117.0,33.2,41.0,43.0,24.9,1,2026-10-08T07:38:25
2026-10-11 08:00,shantou_offshore,23.3,117.0,31.8,41.0,230.0,25.1,1,2026-10-08T07:38:25
2026-10-11 09:00,shantou_offshore,23.3,117.0,31.1,42.0,444.0,25.4,1,2026-10-08T07:38:25
2026-10-11 10:00,shantou_offshore,23.3,117.0,30.4,47.0,631.0,25.9,1,2026-10-08T07:38:25
2026-10-11 11:00,shantou_offshore,23.3,117.0,33.3,55.0,766.0,26.2,1,2026-10-08T07:38:25
2026-10-11 12:00,shantou_offshore,23.3,117.0,32.2,63.0,816.0,26.4,1,2026-10-08T07:38:25
2026-10-11 13:00,shantou_offshore,23.3,117.0,34.7,72.0,840.0,26.4,1,2026-10-08T07:38:25
2026-10-11 14:00,shantou_offshore,23.3,117.0,36.1,76.0,767.0,26.3,1,2026-10-08T07:38:25
2026-10-11 15:00,shantou_offshore,23.3,117.0,35.1,88.0,638.0,26.4,1,2026-10-08T07:38:25
2026-10-11 16:00,shantou_offshore,23.3,117.0,36.9,89.0,441.0,25.9,1,2026-10-08T07:38:25
2026-10-11 17:00,shantou_offshore,23.3,117.0,36.4,82.0,225.0,26.2,1,2026-10-08T07:38:25
2026-10-11 18:00,shantou_offshore,23.3,117.0,34.5,82.0,39.0,26.3,1,2026-10-08T07:38:25
2026-10-11 19:00,shantou_offshore,23.3,117.0,32.3,79.0,0.0,26.1,1,2026-10-08T07:38:25
2026-10-11 20:00,shantou_offshore,23.3,117.0,32.7,71.0,0.0,26.1,1,2026-10-08T07:38:25
2026-10-11 21:00,shantou_offshore,23.3,117.0,34.2,68.0,0.0,26.0,1,2026-10-08T07:38:25
2026-10-11 22:00,shantou_offshore,23.3,117.0,37.5,65.0,0.0,26.0,1,2026-10-08T07:38:25
2026-10-11 23:00,shantou_offshore,23.3,117.0,39.6,64.0,0.0,26.0,1,2026-10-08T07:38:25
2026-10-12 00:00,shantou_offshore,23.3,117.0,40.5,62.0,0.0,25.9,1,2026-10-08T07:38:25
2026-10-12 01:00,shantou_offshore,23.3,117.0,39.2,60.0,0.0,25.8,1,2026-10-08T07:38:25
2026-10-12 02:00,shantou_offshore,23.3,117.0,36.1,56.0,0.0,25.5,1,2026-10-08T07:38:25
2026-10-12 03:00,shantou_offshore,23.3,117.0,34.7,52.0,0.0,25.3,1,2026-10-08T07:38:25
2026-10-12 04:00,shantou_offshore,23.3,117.0,33.4,46.0,0.0,25.1,1,2026-10-08T07:38:25
2026-10-12 05:00,shantou_offshore,23.3,117.0,32.5,43.0,0.0,24.9,1,2026-10-08T07:38:25
2026-10-12 06:00,shantou_offshore,23.3,117.0,32.7,41.0,0.0,24.8,1,2026-10-08T07:38:25
2026-10-12 07:00,shantou_offshore,23.3,117.0,33.0,41.0,40.0,24.8,1,2026-10-08T07:38:25
2026-10-12 08:00,shantou_offshore,23.3,117.0,32.9,42.0,221.0,24.9,1,2026-10-08T07:38:25
2026-10-12 09:00,shantou_offshore,23.3,117.0,31.6,45.0,447.0,25.1,1,2026-10-08T07:38:25
2026-10-12 10:00,shantou_offshore,23.3,117.0,29.7,48.0,629.0,25.5,1,2026-10-08T07:38:25
2026-10-12 11:00,shantou_offshore,23.3,117.0,27.8,53.0,761.0,25.7,1,2026-10-08T07:38:25
2026-10-12 12:00,shantou_offshore,23.3,117.0,25.9,61.0,843.0,25.8,1,2026-10-08T07:38:25
2026-10-12 13:00,shantou_offshore,23.3,117.0,24.6,71.0,839.0,25.8,1,2026-10-08T07:38:25
2026-10-12 14:00,shantou_offshore,23.3,117.0,23.8,79.0,763.0,25.7,1,2026-10-08T07:38:25
2026-10-12 15:00,shantou_offshore,23.3,117.0,22.8,85.0,614.0,25.7,1,2026-10-08T07:38:25
2026-10-12 16:00,shantou_offshore,23.3,117.0,21.4,89.0,440.0,25.7,1,2026-10-08T07:38:25
2026-10-12 17:00,shantou_offshore,23.3,117.0,20.9,91.0,236.0,25.7,1,2026-10-08T07:38:25
2026-10-12 18:00,shantou_offshore,23.3,117.0,21.4,91.0,39.0,25.7,1,2026-10-08T07:38:25
2026-10-12 19:00,shantou_offshore,23.3,117.0,22.5,89.0,0.0,25.7,1,2026-10-08T07:38:25
2026-10-12 20:00,shantou_offshore,23.3,117.0,23.3,86.0,0.0,25.8,1,2026-10-08T07:38:25
2026-10-12 21:00,shantou_offshore,23.3,117.0,23.4,82.0,0.0,25.8,1,2026-10-08T07:38:25
2026-10-12 22:00,shantou_offshore,23.3,117.0,23.4,77.0,0.0,25.8,1,2026-10-08T07:38:25
2026-10-12 23:00,shantou_offshore,23.3,117.0,23.2,71.0,0.0,25.7,1,2026-10-08T07:38:25
2026-10-13 00:00,shantou_offshore,23.3,117.0,22.5,64.0,0.0,25.6,1,2026-10-08T07:38:25
2026-10-13 01:00,shantou_offshore,23.3,117.0,22.1,55.0,0.0,25.5,1,2026-10-08T07:38:25
2026-10-13 02:00,shantou_offshore,23.3,117.0,22.0,47.0,0.0,25.4,1,2026-10-08T07:38:25
2026-10-13 03:00,shantou_offshore,23.3,117.0,22.2,43.0,0.0,25.3,1,2026-10-08T07:38:25
2026-10-13 04:00,shantou_offshore,23.3,117.0,22.2,41.0,0.0,25.2,1,2026-10-08T07:38:25
2026-10-13 05:00,shantou_offshore,23.3,117.0,22.0,40.0,0.0,25.1,1,2026-10-08T07:38:25
2026-10-13 06:00,shantou_offshore,23.3,117.0,21.4,38.0,0.0,25.1,1,2026-10-08T07:38:25
2026-10-13 07:00,shantou_offshore,23.3,117.0,20.7,37.0,42.0,25.1,1,2026-10-08T07:38:25
2026-10-13 08:00,shantou_offshore,23.3,117.0,20.0,38.0,231.0,25.1,1,2026-10-08T07:38:25
2026-10-13 09:00,shantou_offshore,23.3,117.0,19.9,44.0,453.0,25.3,1,2026-10-08T07:38:25
2026-10-13 10:00,shantou_offshore,23.3,117.0,20.3,53.0,632.0,25.6,1,2026-10-08T07:38:25
2026-10-13 11:00,shantou_offshore,23.3,117.0,20.9,62.0,763.0,25.8,1,2026-10-08T07:38:25
2026-10-13 12:00,shantou_offshore,23.3,117.0,21.6,72.0,847.0,25.8,1,2026-10-08T07:38:25
2026-10-13 13:00,shantou_offshore,23.3,117.0,23.1,82.0,841.0,25.8,1,2026-10-08T07:38:25
2026-10-13 14:00,shantou_offshore,23.3,117.0,24.1,90.0,762.0,25.8,1,2026-10-08T07:38:25
2026-10-13 15:00,shantou_offshore,23.3,117.0,23.9,95.0,613.0,25.8,1,2026-10-08T07:38:25
2026-10-13 16:00,shantou_offshore,23.3,117.0,22.8,100.0,435.0,25.8,1,2026-10-08T07:38:25
2026-10-13 17:00,shantou_offshore,23.3,117.0,21.9,101.0,230.0,25.8,1,2026-10-08T07:38:25
2026-10-13 18:00,shantou_offshore,23.3,117.0,20.9,98.0,36.0,25.9,1,2026-10-08T07:38:25
2026-10-13 19:00,shantou_offshore,23.3,117.0,20.0,92.0,0.0,25.9,1,2026-10-08T07:38:25
2026-10-13 20:00,shantou_offshore,23.3,117.0,19.5,85.0,0.0,26.0,1,2026-10-08T07:38:25
2026-10-13 21:00,shantou_offshore,23.3,117.0,19.7,78.0,0.0,25.9,1,2026-10-08T07:38:25
2026-10-13 22:00,shantou_offshore,23.3,117.0,20.4,72.0,0.0,25.9,1,2026-10-08T07:38:25
2026-10-13 23:00,shantou_offshore,23.3,117.0,21.3,65.0,0.0,25.8,1,2026-10-08T07:38:25
2026-10-14 00:00,shantou_offshore,23.3,117.0,22.2,56.0,0.0,25.7,1,2026-10-08T07:38:25
2026-10-14 01:00,shantou_offshore,23.3,117.0,23.4,47.0,0.0,25.5,1,2026-10-08T07:38:25
2026-10-14 02:00,shantou_offshore,23.3,117.0,25.0,41.0,0.0,25.4,1,2026-10-08T07:38:25
2026-10-14 03:00,shantou_offshore,23.3,117.0,25.7,41.0,0.0,25.4,1,2026-10-08T07:38:25
2026-10-14 04:00,shantou_offshore,23.3,117.0,25.7,42.0,0.0,25.5,1,2026-10-08T07:38:25
2026-10-14 05:00,shantou_offshore,23.3,117.0,26.7,45.0,0.0,25.5,1,2026-10-08T07:38:25
2026-10-14 06:00,shantou_offshore,23.3,117.0,33.2,49.0,0.0,25.2,1,2026-10-08T07:38:25
2026-10-14 07:00,shantou_offshore,23.3,117.0,35.1,51.0,41.0,25.2,1,2026-10-08T07:38:25
2026-10-14 08:00,shantou_offshore,23.3,117.0,36.2,54.0,226.0,25.2,1,2026-10-08T07:38:25
2026-10-14 09:00,shantou_offshore,23.3,117.0,36.7,56.0,457.0,25.3,1,2026-10-08T07:38:25
2026-10-14 10:00,shantou_offshore,23.3,117.0,36.6,60.0,633.0,25.5,1,2026-10-08T07:38:25
2026-10-14 11:00,shantou_offshore,23.3,117.0,36.4,64.0,760.0,25.6,1,2026-10-08T07:38:25
2026-10-14 12:00,shantou_offshore,23.3,117.0,36.1,67.0,825.0,25.8,1,2026-10-08T07:38:25
2026-10-14 13:00,shantou_offshore,23.3,117.0,36.1,70.0,822.0,26.0,1,2026-10-08T07:38:25
2026-10-14 14:00,shantou_offshore,23.3,117.0,36.2,73.0,752.0,26.1,1,2026-10-08T07:38:25
2026-10-14 15:00,shantou_offshore,23.3,117.0,36.3,74.0,601.0,26.1,1,2026-10-08T07:38:25
2026-10-14 16:00,shantou_offshore,23.3,117.0,36.6,74.0,431.0,26.1,1,2026-10-08T07:38:25
2026-10-14 17:00,shantou_offshore,23.3,117.0,36.6,74.0,229.0,26.1,1,2026-10-08T07:38:25
2026-10-14 18:00,shantou_offshore,23.3,117.0,36.7,74.0,35.0,26.1,1,2026-10-08T07:38:25
2026-10-14 19:00,shantou_offshore,23.3,117.0,36.9,73.0,0.0,26.0,1,2026-10-08T07:38:25
2026-10-14 20:00,shantou_offshore,23.3,117.0,37.1,72.0,0.0,26.0,1,2026-10-08T07:38:25
2026-10-14 21:00,shantou_offshore,23.3,117.0,37.5,70.0,0.0,25.9,1,2026-10-08T07:38:25
2026-10-14 22:00,shantou_offshore,23.3,117.0,38.2,68.0,0.0,25.8,1,2026-10-08T07:38:25
2026-10-14 23:00,shantou_offshore,23.3,117.0,39.0,65.0,0.0,25.7,1,2026-10-08T07:38:25
2026-10-08 00:00,zhanjiang,20.9,110.6,31.4,74.0,0.0,27.3,1,2026-10-08T07:38:25
2026-10-08 01:00,zhanjiang,20.9,110.6,31.7,75.0,0.0,27.0,1,2026-10-08T07:38:25
2026-10-08 02:00,zhanjiang,20.9,110.6,28.1,67.0,0.0,26.6,1,2026-10-08T07:38:25
2026-10-08 03:00,zhanjiang,20.9,110.6,27.7,61.0,0.0,26.4,1,2026-10-08T07:38:25
2026-10-08 04:00,zhanjiang,20.9,110.6,27.1,63.0,0.0,26.2,1,2026-10-08T07:38:25
2026-10-08 05:00,zhanjiang,20.9,110.6,27.1,59.0,0.0,26.0,1,2026-10-08T07:38:25
2026-10-08 06:00,zhanjiang,20.9,110.6,29.4,58.0,0.0,26.0,1,2026-10-08T07:38:25
2026-10-08 07:00,zhanjiang,20.9,110.6,31.5,62.0,9.0,26.1,1,2026-10-08T07:38:25
2026-10-08 08:00,zhanjiang,20.9,110.6,27.4,50.0,136.0,27.2,1,2026-10-08T07:38:25
2026-10-08 09:00,zhanjiang,20.9,110.6,27.7,52.0,343.0,27.9,1,2026-10-08T07:38:25
2026-10-08 10:00,zhanjiang,20.9,110.6,27.6,52.0,541.0,28.4,1,2026-10-08T07:38:25
2026-10-08 11:00,zhanjiang,20.9,110.6,29.4,55.0,704.0,28.8,1,2026-10-08T07:38:25
2026-10-08 12:00,zhanjiang,20.9,110.6,29.2,62.0,809.0,29.1,1,2026-10-08T07:38:25
2026-10-08 13:00,zhanjiang,20.9,110.6,29.5,66.0,809.0,29.2,1,2026-10-08T07:38:25
2026-10-08 14:00,zhanjiang,20.9,110.6,33.1,74.0,686.0,29.1,1,2026-10-08T07:38:25
2026-10-08 15:00,zhanjiang,20.9,110.6,33.2,68.0,401.0,28.7,1,2026-10-08T07:38:25
2026-10-08 16:00,zhanjiang,20.9,110.6,34.1,74.0,258.0,28.6,1,2026-10-08T07:38:25
2026-10-08 17:00,zhanjiang,20.9,110.6,38.0,77.0,188.0,28.0,1,2026-10-08T07:38:25
2026-10-08 18:00,zhanjiang,20.9,110.6,37.6,84.0,68.0,27.7,1,2026-10-08T07:38:25
2026-10-08 19:00,zhanjiang,20.9,110.6,39.7,87.0,3.0,27.5,1,2026-10-08T07:38:25
2026-10-08 20:00,zhanjiang,20.9,110.6,41.8,88.0,0.0,27.2,1,2026-10-08T07:38:25
2026-10-08 21:00,zhanjiang,20.9,110.6,38.7,85.0,0.0,27.3,1,2026-10-08T07:38:25
2026-10-08 22:00,zhanjiang,20.9,110.6,37.1,87.0,0.0,27.1,1,2026-10-08T07:38:25
2026-10-08 23:00,zhanjiang,20.9,110.6,36.6,84.0,0.0,27.0,1,2026-10-08T07:38:25
2026-10-09 00:00,zhanjiang,20.9,110.6,37.2,75.0,0.0,27.5,1,2026-10-08T07:38:25
2026-10-09 01:00,zhanjiang,20.9,110.6,36.3,75.0,0.0,27.7,1,2026-10-08T07:38:25
2026-10-09 02:00,zhanjiang,20.9,110.6,36.4,72.0,0.0,27.3,1,2026-10-08T07:38:25
2026-10-09 03:00,zhanjiang,20.9,110.6,38.0,70.0,0.0,26.5,1,2026-10-08T07:38:25
2026-10-09 04:00,zhanjiang,20.9,110.6,41.5,74.0,0.0,26.9,1,2026-10-08T07:38:25
2026-10-09 05:00,zhanjiang,20.9,110.6,38.6,75.0,0.0,25.2,1,2026-10-08T07:38:25
2026-10-09 06:00,zhanjiang,20.9,110.6,42.7,75.0,0.0,25.9,1,2026-10-08T07:38:25
2026-10-09 07:00,zhanjiang,20.9,110.6,43.4,76.0,4.0,26.0,1,2026-10-08T07:38:25
2026-10-09 08:00,zhanjiang,20.9,110.6,43.4,80.0,67.0,25.9,1,2026-10-08T07:38:25
2026-10-09 09:00,zhanjiang,20.9,110.6,41.1,82.0,141.0,26.7,1,2026-10-08T07:38:25
2026-10-09 10:00,zhanjiang,20.9,110.6,40.0,84.0,149.0,26.3,1,2026-10-08T07:38:25
2026-10-09 11:00,zhanjiang,20.9,110.6,38.0,83.0,173.0,26.2,1,2026-10-08T07:38:25
2026-10-09 12:00,zhanjiang,20.9,110.6,40.4,84.0,273.0,28.2,1,2026-10-08T07:38:25
2026-10-09 13:00,zhanjiang,20.9,110.6,39.0,86.0,416.0,28.6,1,2026-10-08T07:38:25
2026-10-09 14:00,zhanjiang,20.9,110.6,37.3,88.0,364.0,27.9,1,2026-10-08T07:38:25
2026-10-09 15:00,zhanjiang,20.9,110.6,35.7,93.0,284.0,27.0,1,2026-10-08T07:38:25
2026-10-09 16:00,zhanjiang,20.9,110.6,33.3,102.0,168.0,26.3,1,2026-10-08T07:38:25
2026-10-09 17:00,zhanjiang,20.9,110.6,34.1,102.0,49.0,25.3,1,2026-10-08T07:38:25
2026-10-09 18:00,zhanjiang,20.9,110.6,27.0,100.0,19.0,25.4,1,2026-10-08T07:38:25
2026-10-09 19:00,zhanjiang,20.9,110.6,32.1,99.0,1.0,25.8,1,2026-10-08T07:38:25
2026-10-09 20:00,zhanjiang,20.9,110.6,32.3,97.0,0.0,26.3,1,2026-10-08T07:38:25
2026-10-09 21:00,zhanjiang,20.9,110.6,32.6,87.0,0.0,26.8,1,2026-10-08T07:38:25
2026-10-09 22:00,zhanjiang,20.9,110.6,31.5,83.0,0.0,27.2,1,2026-10-08T07:38:25
2026-10-09 23:00,zhanjiang,20.9,110.6,30.6,87.0,0.0,27.3,1,2026-10-08T07:38:25
2026-10-10 00:00,zhanjiang,20.9,110.6,28.7,87.0,0.0,27.3,1,2026-10-08T07:38:25
2026-10-10 01:00,zhanjiang,20.9,110.6,26.4,81.0,0.0,27.3,1,2026-10-08T07:38:25
2026-10-10 02:00,zhanjiang,20.9,110.6,25.4,76.0,0.0,27.2,1,2026-10-08T07:38:25
2026-10-10 03:00,zhanjiang,20.9,110.6,25.5,75.0,0.0,27.2,1,2026-10-08T07:38:25
2026-10-10 04:00,zhanjiang,20.9,110.6,25.1,74.0,0.0,27.0,1,2026-10-08T07:38:25
2026-10-10 05:00,zhanjiang,20.9,110.6,26.4,70.0,0.0,26.9,1,2026-10-08T07:38:25
2026-10-10 06:00,zhanjiang,20.9,110.6,27.0,68.0,0.0,26.8,1,2026-10-08T07:38:25
2026-10-10 07:00,zhanjiang,20.9,110.6,26.9,65.0,9.0,26.8,1,2026-10-08T07:38:25
2026-10-10 08:00,zhanjiang,20.9,110.6,25.7,66.0,131.0,27.3,1,2026-10-08T07:38:25
2026-10-10 09:00,zhanjiang,20.9,110.6,25.9,64.0,339.0,27.7,1,2026-10-08T07:38:25
2026-10-10 10:00,zhanjiang,20.9,110.6,26.1,59.0,531.0,28.0,1,2026-10-08T07:38:25
2026-10-10 11:00,zhanjiang,20.9,110.6,26.0,56.0,684.0,28.3,1,2026-10-08T07:38:25
2026-10-10 12:00,zhanjiang,20.9,110.6,24.5,59.0,801.0,28.5,1,2026-10-08T07:38:25
2026-10-10 13:00,zhanjiang,20.9,110.6,24.4,64.0,845.0,28.8,1,2026-10-08T07:38:25
2026-10-10 14:00,zhanjiang,20.9,110.6,24.3,69.0,805.0,28.8,1,2026-10-08T07:38:25
2026-10-10 15:00,zhanjiang,20.9,110.6,22.7,77.0,708.0,28.8,1,2026-10-08T07:38:25
2026-10-10 16:00,zhanjiang,20.9,110.6,22.4,85.0,532.0,28.3,1,2026-10-08T07:38:25
2026-10-10 17:00,zhanjiang,20.9,110.6,23.2,96.0,323.0,28.1,1,2026-10-08T07:38:25
2026-10-10 18:00,zhanjiang,20.9,110.6,23.4,115.0,111.0,27.2,1,2026-10-08T07:38:25
2026-10-10 19:00,zhanjiang,20.9,110.6,23.2,104.0,3.0,27.1,1,2026-10-08T07:38:25
2026-10-10 20:00,zhanjiang,20.9,110.6,22.5,105.0,0.0,27.1,1,2026-10-08T07:38:25
2026-10-10 21:00,zhanjiang,20.9,110.6,21.4,105.0,0.0,26.9,1,2026-10-08T07:38:25
2026-10-10 22:00,zhanjiang,20.9,110.6,21.7,102.0,0.0,26.7,1,2026-10-08T07:38:25
2026-10-10 23:00,zhanjiang,20.9,110.6,20.7,100.0,0.0,26.5,1,2026-10-08T07:38:25
2026-10-11 00:00,zhanjiang,20.9,110.6,19.9,96.0,0.0,26.5,1,2026-10-08T07:38:25
2026-10-11 01:00,zhanjiang,20.9,110.6,17.6,89.0,0.0,26.3,1,2026-10-08T07:38:25
2026-10-11 02:00,zhanjiang,20.9,110.6,15.3,77.0,0.0,26.1,1,2026-10-08T07:38:25
2026-10-11 03:00,zhanjiang,20.9,110.6,15.9,65.0,0.0,26.0,1,2026-10-08T07:38:25
2026-10-11 04:00,zhanjiang,20.9,110.6,16.2,64.0,0.0,25.9,1,2026-10-08T07:38:25
2026-10-11 05:00,zhanjiang,20.9,110.6,17.5,61.0,0.0,26.1,1,2026-10-08T07:38:25
2026-10-11 06:00,zhanjiang,20.9,110.6,19.2,50.0,0.0,26.2,1,2026-10-08T07:38:25
2026-10-11 07:00,zhanjiang,20.9,110.6,20.9,44.0,9.0,26.4,1,2026-10-08T07:38:25
2026-10-11 08:00,zhanjiang,20.9,110.6,20.3,40.0,142.0,27.1,1,2026-10-08T07:38:25
2026-10-11 09:00,zhanjiang,20.9,110.6,20.9,42.0,359.0,27.7,1,2026-10-08T07:38:25
2026-10-11 10:00,zhanjiang,20.9,110.6,21.0,48.0,567.0,28.2,1,2026-10-08T07:38:25
2026-10-11 11:00,zhanjiang,20.9,110.6,21.7,53.0,721.0,28.7,1,2026-10-08T07:38:25
2026-10-11 12:00,zhanjiang,20.9,110.6,23.4,65.0,810.0,28.9,1,2026-10-08T07:38:25
2026-10-11 13:00,zhanjiang,20.9,110.6,23.0,78.0,792.0,28.9,1,2026-10-08T07:38:25
2026-10-11 14:00,zhanjiang,20.9,110.6,22.1,77.0,689.0,29.0,1,2026-10-08T07:38:25
2026-10-11 15:00,zhanjiang,20.9,110.6,23.0,78.0,599.0,29.0,1,2026-10-08T07:38:25
2026-10-11 16:00,zhanjiang,20.9,110.6,22.8,79.0,466.0,28.9,1,2026-10-08T07:38:25
2026-10-11 17:00,zhanjiang,20.9,110.6,22.6,79.0,237.0,28.6,1,2026-10-08T07:38:25
2026-10-11 18:00,zhanjiang,20.9,110.6,24.2,98.0,86.0,28.1,1,2026-10-08T07:38:25
2026-10-11 19:00,zhanjiang,20.9,110.6,24.0,107.0,2.0,27.4,1,2026-10-08T07:38:25
2026-10-11 20:00,zhanjiang,20.9,110.6,26.0,106.0,0.0,27.5,1,2026-10-08T07:38:25
2026-10-11 21:00,zhanjiang,20.9,110.6,25.3,107.0,0.0,27.5,1,2026-10-08T07:38:25
2026-10-11 22:00,zhanjiang,20.9,110.6,25.7,111.0,0.0,27.4,1,2026-10-08T07:38:25
2026-10-11 23:00,zhanjiang,20.9,110.6,25.2,108.0,0.0,27.4,1,2026-10-08T07:38:25
2026-10-12 00:00,zhanjiang,20.9,110.6,22.7,106.0,0.0,27.4,1,2026-10-08T07:38:25
2026-10-12 01:00,zhanjiang,20.9,110.6,20.4,98.0,0.0,27.2,1,2026-10-08T07:38:25
2026-10-12 02:00,zhanjiang,20.9,110.6,19.6,90.0,0.0,27.1,1,2026-10-08T07:38:25
2026-10-12 03:00,zhanjiang,20.9,110.6,20.1,84.0,0.0,27.0,1,2026-10-08T07:38:25
2026-10-12 04:00,zhanjiang,20.9,110.6,21.6,79.0,0.0,26.9,1,2026-10-08T07:38:25
2026-10-12 05:00,zhanjiang,20.9,110.6,23.0,76.0,0.0,27.0,1,2026-10-08T07:38:25
2026-10-12 06:00,zhanjiang,20.9,110.6,23.9,74.0,0.0,27.2,1,2026-10-08T07:38:25
2026-10-12 07:00,zhanjiang,20.9,110.6,24.5,72.0,6.0,27.6,1,2026-10-08T07:38:25
2026-10-12 08:00,zhanjiang,20.9,110.6,25.2,72.0,135.0,28.0,1,2026-10-08T07:38:25
2026-10-12 09:00,zhanjiang,20.9,110.6,25.8,71.0,353.0,28.5,1,2026-10-08T07:38:25
2026-10-12 10:00,zhanjiang,20.9,110.6,26.2,72.0,543.0,29.0,1,2026-10-08T07:38:25
2026-10-12 11:00,zhanjiang,20.9,110.6,26.2,72.0,691.0,29.5,1,2026-10-08T07:38:25
2026-10-12 12:00,zhanjiang,20.9,110.6,25.9,75.0,792.0,29.8,1,2026-10-08T07:38:25
2026-10-12 13:00,zhanjiang,20.9,110.6,25.4,78.0,817.0,30.0,1,2026-10-08T07:38:25
2026-10-12 14:00,zhanjiang,20.9,110.6,24.7,82.0,773.0,30.0,1,2026-10-08T07:38:25
2026-10-12 15:00,zhanjiang,20.9,110.6,24.2,87.0,669.0,29.7,1,2026-10-08T07:38:25
2026-10-12 16:00,zhanjiang,20.9,110.6,23.6,93.0,509.0,29.3,1,2026-10-08T07:38:25
2026-10-12 17:00,zhanjiang,20.9,110.6,23.3,98.0,314.0,28.8,1,2026-10-08T07:38:25
2026-10-12 18:00,zhanjiang,20.9,110.6,22.8,102.0,104.0,28.3,1,2026-10-08T07:38:25
2026-10-12 19:00,zhanjiang,20.9,110.6,22.2,105.0,1.0,27.8,1,2026-10-08T07:38:25
2026-10-12 20:00,zhanjiang,20.9,110.6,21.7,107.0,0.0,27.4,1,2026-10-08T07:38:25
2026-10-12 21:00,zhanjiang,20.9,110.6,22.0,110.0,0.0,27.2,1,2026-10-08T07:38:25
2026-10-12 22:00,zhanjiang,20.9,110.6,22.6,111.0,0.0,27.2,1,2026-10-08T07:38:25
2026-10-12 23:00,zhanjiang,20.9,110.6,22.0,112.0,0.0,27.2,1,2026-10-08T07:38:25
2026-10-13 00:00,zhanjiang,20.9,110.6,19.0,112.0,0.0,27.0,1,2026-10-08T07:38:25
2026-10-13 01:00,zhanjiang,20.9,110.6,14.7,109.0,0.0,26.8,1,2026-10-08T07:38:25
2026-10-13 02:00,zhanjiang,20.9,110.6,11.4,103.0,0.0,26.7,1,2026-10-08T07:38:25
2026-10-13 03:00,zhanjiang,20.9,110.6,10.3,89.0,0.0,26.5,1,2026-10-08T07:38:25
2026-10-13 04:00,zhanjiang,20.9,110.6,10.7,73.0,0.0,26.3,1,2026-10-08T07:38:25
2026-10-13 05:00,zhanjiang,20.9,110.6,12.0,62.0,0.0,26.3,1,2026-10-08T07:38:25
2026-10-13 06:00,zhanjiang,20.9,110.6,13.3,57.0,0.0,26.8,1,2026-10-08T07:38:25
2026-10-13 07:00,zhanjiang,20.9,110.6,14.6,56.0,6.0,27.5,1,2026-10-08T07:38:25
2026-10-13 08:00,zhanjiang,20.9,110.6,15.6,55.0,138.0,28.1,1,2026-10-08T07:38:25
2026-10-13 09:00,zhanjiang,20.9,110.6,16.0,55.0,357.0,28.7,1,2026-10-08T07:38:25
2026-10-13 10:00,zhanjiang,20.9,110.6,16.1,56.0,551.0,29.2,1,2026-10-08T07:38:25
2026-10-13 11:00,zhanjiang,20.9,110.6,15.7,59.0,706.0,29.7,1,2026-10-08T07:38:25
2026-10-13 12:00,zhanjiang,20.9,110.6,15.1,65.0,826.0,30.0,1,2026-10-08T07:38:25
2026-10-13 13:00,zhanjiang,20.9,110.6,14.4,74.0,854.0,30.3,1,2026-10-08T07:38:25
2026-10-13 14:00,zhanjiang,20.9,110.6,13.9,85.0,807.0,30.3,1,2026-10-08T07:38:25
2026-10-13 15:00,zhanjiang,20.9,110.6,13.6,98.0,696.0,30.0,1,2026-10-08T07:38:25
2026-10-13 16:00,zhanjiang,20.9,110.6,14.1,113.0,524.0,29.5,1,2026-10-08T07:38:25
2026-10-13 17:00,zhanjiang,20.9,110.6,15.1,125.0,319.0,29.0,1,2026-10-08T07:38:25
2026-10-13 18:00,zhanjiang,20.9,110.6,16.2,131.0,101.0,28.5,1,2026-10-08T07:38:25
2026-10-13 19:00,zhanjiang,20.9,110.6,17.1,135.0,1.0,27.9,1,2026-10-08T07:38:25
2026-10-13 20:00,zhanjiang,20.9,110.6,17.4,136.0,0.0,27.5,1,2026-10-08T07:38:25
2026-10-13 21:00,zhanjiang,20.9,110.6,17.4,135.0,0.0,27.3,1,2026-10-08T07:38:25
2026-10-13 22:00,zhanjiang,20.9,110.6,17.1,132.0,0.0,27.3,1,2026-10-08T07:38:25
2026-10-13 23:00,zhanjiang,20.9,110.6,15.7,130.0,0.0,27.2,1,2026-10-08T07:38:25
2026-10-14 00:00,zhanjiang,20.9,110.6,12.9,129.0,0.0,26.8,1,2026-10-08T07:38:25
2026-10-14 01:00,zhanjiang,20.9,110.6,9.3,126.0,0.0,26.4,1,2026-10-08T07:38:25
2026-10-14 02:00,zhanjiang,20.9,110.6,6.0,117.0,0.0,26.0,1,2026-10-08T07:38:25
2026-10-14 03:00,zhanjiang,20.9,110.6,4.3,88.0,0.0,25.7,1,2026-10-08T07:38:25
2026-10-14 04:00,zhanjiang,20.9,110.6,5.0,49.0,0.0,25.5,1,2026-10-08T07:38:25
2026-10-14 05:00,zhanjiang,20.9,110.6,6.9,31.0,0.0,25.5,1,2026-10-08T07:38:25
2026-10-14 06:00,zhanjiang,20.9,110.6,9.2,26.0,0.0,26.7,1,2026-10-08T07:38:25
2026-10-14 07:00,zhanjiang,20.9,110.6,11.2,22.0,6.0,27.1,1,2026-10-08T07:38:25
2026-10-14 08:00,zhanjiang,20.9,110.6,12.4,22.0,135.0,27.4,1,2026-10-08T07:38:25
2026-10-14 09:00,zhanjiang,20.9,110.6,12.6,26.0,364.0,27.9,1,2026-10-08T07:38:25
2026-10-14 10:00,zhanjiang,20.9,110.6,12.3,34.0,555.0,28.6,1,2026-10-08T07:38:25
2026-10-14 11:00,zhanjiang,20.9,110.6,11.8,44.0,704.0,29.3,1,2026-10-08T07:38:25
2026-10-14 12:00,zhanjiang,20.9,110.6,11.8,57.0,798.0,29.9,1,2026-10-08T07:38:25
2026-10-14 13:00,zhanjiang,20.9,110.6,12.2,70.0,828.0,30.4,1,2026-10-08T07:38:25
2026-10-14 14:00,zhanjiang,20.9,110.6,13.0,80.0,789.0,30.6,1,2026-10-08T07:38:25
2026-10-14 15:00,zhanjiang,20.9,110.6,13.9,90.0,670.0,30.4,1,2026-10-08T07:38:25
2026-10-14 16:00,zhanjiang,20.9,110.6,15.3,99.0,519.0,30.0,1,2026-10-08T07:38:25
2026-10-14 17:00,zhanjiang,20.9,110.6,16.8,108.0,328.0,29.4,1,2026-10-08T07:38:25
2026-10-14 18:00,zhanjiang,20.9,110.6,18.6,115.0,114.0,28.7,1,2026-10-08T07:38:25
2026-10-14 19:00,zhanjiang,20.9,110.6,20.1,118.0,1.0,28.1,1,2026-10-08T07:38:25
2026-10-14 20:00,zhanjiang,20.9,110.6,20.7,121.0,0.0,27.6,1,2026-10-08T07:38:25
2026-10-14 21:00,zhanjiang,20.9,110.6,20.4,121.0,0.0,27.3,1,2026-10-08T07:38:25
2026-10-14 22:00,zhanjiang,20.9,110.6,19.3,121.0,0.0,27.1,1,2026-10-08T07:38:25
2026-10-14 23:00,zhanjiang,20.9,110.6,17.6,119.0,0.0,26.9,1,2026-10-08T07:38:25
2026-10-08 00:00,shaoguan,24.8,113.6,10.2,14.0,0.0,19.8,1,2026-10-08T07:38:25
2026-10-08 01:00,shaoguan,24.8,113.6,9.7,31.0,0.0,19.0,1,2026-10-08T07:38:25
2026-10-08 02:00,shaoguan,24.8,113.6,9.6,41.0,0.0,18.4,1,2026-10-08T07:38:25
2026-10-08 03:00,shaoguan,24.8,113.6,10.5,22.0,0.0,17.4,1,2026-10-08T07:38:25
2026-10-08 04:00,shaoguan,24.8,113.6,10.7,14.0,0.0,16.9,1,2026-10-08T07:38:25
2026-10-08 05:00,shaoguan,24.8,113.6,9.9,15.0,0.0,16.6,1,2026-10-08T07:38:25
2026-10-08 06:00,shaoguan,24.8,113.6,8.7,22.0,0.0,16.3,1,2026-10-08T07:38:25
2026-10-08 07:00,shaoguan,24.8,113.6,7.5,20.0,20.0,16.9,1,2026-10-08T07:38:25
2026-10-08 08:00,shaoguan,24.8,113.6,6.2,12.0,173.0,19.0,1,2026-10-08T07:38:25
2026-10-08 09:00,shaoguan,24.8,113.6,5.1,10.0,383.0,21.3,1,2026-10-08T07:38:25
2026-10-08 10:00,shaoguan,24.8,113.6,7.1,9.0,578.0,23.5,1,2026-10-08T07:38:25
2026-10-08 11:00,shaoguan,24.8,113.6,6.6,11.0,728.0,25.2,1,2026-10-08T07:38:25
2026-10-08 12:00,shaoguan,24.8,113.6,3.2,3.0,816.0,26.5,1,2026-10-08T07:38:25
2026-10-08 13:00,shaoguan,24.8,113.6,2.2,325.0,833.0,27.4,1,2026-10-08T07:38:25
2026-10-08 14:00,shaoguan,24.8,113.6,2.0,315.0,778.0,28.1,1,2026-10-08T07:38:25
2026-10-08 15:00,shaoguan,24.8,113.6,1.8,354.0,657.0,28.5,1,2026-10-08T07:38:25
2026-10-08 16:00,shaoguan,24.8,113.6,3.1,31.0,483.0,28.4,1,2026-10-08T07:38:25
2026-10-08 17:00,shaoguan,24.8,113.6,3.4,16.0,272.0,27.9,1,2026-10-08T07:38:25
2026-10-08 18:00,shaoguan,24.8,113.6,3.4,360.0,74.0,25.3,1,2026-10-08T07:38:25
2026-10-08 19:00,shaoguan,24.8,113.6,3.1,24.0,0.0,24.0,1,2026-10-08T07:38:25
2026-10-08 20:00,shaoguan,24.8,113.6,4.0,18.0,0.0,22.9,1,2026-10-08T07:38:25
2026-10-08 21:00,shaoguan,24.8,113.6,5.6,356.0,0.0,22.1,1,2026-10-08T07:38:25
2026-10-08 22:00,shaoguan,24.8,113.6,8.0,351.0,0.0,21.5,1,2026-10-08T07:38:25
2026-10-08 23:00,shaoguan,24.8,113.6,9.8,6.0,0.0,20.9,1,2026-10-08T07:38:25
2026-10-09 00:00,shaoguan,24.8,113.6,8.2,19.0,0.0,20.2,1,2026-10-08T07:38:25
2026-10-09 01:00,shaoguan,24.8,113.6,7.1,34.0,0.0,19.5,1,2026-10-08T07:38:25
2026-10-09 02:00,shaoguan,24.8,113.6,6.8,25.0,0.0,18.9,1,2026-10-08T07:38:25
2026-10-09 03:00,shaoguan,24.8,113.6,6.0,25.0,0.0,18.4,1,2026-10-08T07:38:25
2026-10-09 04:00,shaoguan,24.8,113.6,4.1,29.0,0.0,18.1,1,2026-10-08T07:38:25
2026-10-09 05:00,shaoguan,24.8,113.6,3.4,16.0,0.0,17.8,1,2026-10-08T07:38:25
2026-10-09 06:00,shaoguan,24.8,113.6,4.3,15.0,0.0,17.5,1,2026-10-08T07:38:25
2026-10-09 07:00,shaoguan,24.8,113.6,4.4,9.0,19.0,18.0,1,2026-10-08T07:38:25
2026-10-09 08:00,shaoguan,24.8,113.6,4.0,8.0,170.0,19.8,1,2026-10-08T07:38:25
2026-10-09 09:00,shaoguan,24.8,113.6,2.8,11.0,380.0,22.3,1,2026-10-08T07:38:25
2026-10-09 10:00,shaoguan,24.8,113.6,4.2,18.0,575.0,24.8,1,2026-10-08T07:38:25
2026-10-09 11:00,shaoguan,24.8,113.6,3.8,11.0,726.0,26.8,1,2026-10-08T07:38:25
2026-10-09 12:00,shaoguan,24.8,113.6,4.0,5.0,814.0,28.2,1,2026-10-08T07:38:25
2026-10-09 13:00,shaoguan,24.8,113.6,3.8,5.0,832.0,29.3,1,2026-10-08T07:38:25
2026-10-09 14:00,shaoguan,24.8,113.6,2.5,21.0,763.0,29.9,1,2026-10-08T07:38:25
2026-10-09 15:00,shaoguan,24.8,113.6,2.7,70.0,631.0,30.1,1,2026-10-08T07:38:25
2026-10-09 16:00,shaoguan,24.8,113.6,5.1,96.0,470.0,30.0,1,2026-10-08T07:38:25
2026-10-09 17:00,shaoguan,24.8,113.6,7.8,103.0,265.0,29.0,1,2026-10-08T07:38:25
2026-10-09 18:00,shaoguan,24.8,113.6,6.9,75.0,70.0,26.6,1,2026-10-08T07:38:25
2026-10-09 19:00,shaoguan,24.8,113.6,8.0,62.0,0.0,24.9,1,2026-10-08T07:38:25
2026-10-09 20:00,shaoguan,24.8,113.6,10.4,51.0,0.0,24.0,1,2026-10-08T07:38:25
2026-10-09 21:00,shaoguan,24.8,113.6,8.9,47.0,0.0,23.6,1,2026-10-08T07:38:25
2026-10-09 22:00,shaoguan,24.8,113.6,7.4,3.0,0.0,23.0,1,2026-10-08T07:38:25
2026-10-09 23:00,shaoguan,24.8,113.6,9.8,353.0,0.0,22.4,1,2026-10-08T07:38:25
2026-10-10 00:00,shaoguan,24.8,113.6,10.7,12.0,0.0,21.9,1,2026-10-08T07:38:25
2026-10-10 01:00,shaoguan,24.8,113.6,10.2,28.0,0.0,21.2,1,2026-10-08T07:38:25
2026-10-10 02:00,shaoguan,24.8,113.6,9.0,29.0,0.0,20.5,1,2026-10-08T07:38:25
2026-10-10 03:00,shaoguan,24.8,113.6,8.1,28.0,0.0,19.9,1,2026-10-08T07:38:25
2026-10-10 04:00,shaoguan,24.8,113.6,8.5,13.0,0.0,19.3,1,2026-10-08T07:38:25
2026-10-10 05:00,shaoguan,24.8,113.6,8.8,5.0,0.0,18.8,1,2026-10-08T07:38:25
2026-10-10 06:00,shaoguan,24.8,113.6,7.9,360.0,0.0,18.3,1,2026-10-08T07:38:25
2026-10-10 07:00,shaoguan,24.8,113.6,6.7,358.0,19.0,18.7,1,2026-10-08T07:38:25
2026-10-10 08:00,shaoguan,24.8,113.6,4.9,360.0,174.0,20.4,1,2026-10-08T07:38:25
2026-10-10 09:00,shaoguan,24.8,113.6,3.8,5.0,389.0,23.0,1,2026-10-08T07:38:25
2026-10-10 10:00,shaoguan,24.8,113.6,5.6,360.0,585.0,25.5,1,2026-10-08T07:38:25
2026-10-10 11:00,shaoguan,24.8,113.6,5.6,7.0,733.0,27.5,1,2026-10-08T07:38:25
2026-10-10 12:00,shaoguan,24.8,113.6,5.1,23.0,819.0,28.8,1,2026-10-08T07:38:25
2026-10-10 13:00,shaoguan,24.8,113.6,4.4,30.0,835.0,29.8,1,2026-10-08T07:38:25
2026-10-10 14:00,shaoguan,24.8,113.6,2.9,47.0,778.0,30.4,1,2026-10-08T07:38:25
2026-10-10 15:00,shaoguan,24.8,113.6,1.5,111.0,653.0,30.8,1,2026-10-08T07:38:25
2026-10-10 16:00,shaoguan,24.8,113.6,2.5,150.0,474.0,30.8,1,2026-10-08T07:38:25
2026-10-10 17:00,shaoguan,24.8,113.6,5.7,139.0,265.0,29.8,1,2026-10-08T07:38:25
2026-10-10 18:00,shaoguan,24.8,113.6,12.6,93.0,69.0,26.8,1,2026-10-08T07:38:25
2026-10-10 19:00,shaoguan,24.8,113.6,17.8,67.0,0.0,25.6,1,2026-10-08T07:38:25
2026-10-10 20:00,shaoguan,24.8,113.6,19.2,60.0,0.0,24.8,1,2026-10-08T07:38:25
2026-10-10 21:00,shaoguan,24.8,113.6,18.6,50.0,0.0,24.1,1,2026-10-08T07:38:25
2026-10-10 22:00,shaoguan,24.8,113.6,15.7,33.0,0.0,23.2,1,2026-10-08T07:38:25
2026-10-10 23:00,shaoguan,24.8,113.6,13.1,30.0,0.0,22.2,1,2026-10-08T07:38:25
2026-10-11 00:00,shaoguan,24.8,113.6,12.6,26.0,0.0,21.2,1,2026-10-08T07:38:25
2026-10-11 01:00,shaoguan,24.8,113.6,11.3,25.0,0.0,20.4,1,2026-10-08T07:38:25
2026-10-11 02:00,shaoguan,24.8,113.6,9.1,21.0,0.0,19.9,1,2026-10-08T07:38:25
2026-10-11 03:00,shaoguan,24.8,113.6,7.5,17.0,0.0,19.5,1,2026-10-08T07:38:25
2026-10-11 04:00,shaoguan,24.8,113.6,6.7,16.0,0.0,19.0,1,2026-10-08T07:38:25
2026-10-11 05:00,shaoguan,24.8,113.6,5.7,11.0,0.0,18.6,1,2026-10-08T07:38:25
2026-10-11 06:00,shaoguan,24.8,113.6,4.5,7.0,0.0,18.4,1,2026-10-08T07:38:25
2026-10-11 07:00,shaoguan,24.8,113.6,3.4,6.0,18.0,19.0,1,2026-10-08T07:38:25
2026-10-11 08:00,shaoguan,24.8,113.6,2.1,15.0,168.0,20.9,1,2026-10-08T07:38:25
2026-10-11 09:00,shaoguan,24.8,113.6,2.7,20.0,378.0,23.4,1,2026-10-08T07:38:25
2026-10-11 10:00,shaoguan,24.8,113.6,4.1,358.0,574.0,25.7,1,2026-10-08T07:38:25
2026-10-11 11:00,shaoguan,24.8,113.6,4.7,2.0,725.0,27.8,1,2026-10-08T07:38:25
2026-10-11 12:00,shaoguan,24.8,113.6,3.8,19.0,814.0,29.2,1,2026-10-08T07:38:25
2026-10-11 13:00,shaoguan,24.8,113.6,2.2,14.0,830.0,30.3,1,2026-10-08T07:38:25
2026-10-11 14:00,shaoguan,24.8,113.6,1.5,339.0,774.0,31.0,1,2026-10-08T07:38:25
2026-10-11 15:00,shaoguan,24.8,113.6,1.8,315.0,650.0,31.3,1,2026-10-08T07:38:25
2026-10-11 16:00,shaoguan,24.8,113.6,2.6,335.0,474.0,31.2,1,2026-10-08T07:38:25
2026-10-11 17:00,shaoguan,24.8,113.6,3.5,339.0,263.0,30.6,1,2026-10-08T07:38:25
2026-10-11 18:00,shaoguan,24.8,113.6,3.4,342.0,67.0,27.6,1,2026-10-08T07:38:25
2026-10-11 19:00,shaoguan,24.8,113.6,2.3,67.0,0.0,26.4,1,2026-10-08T07:38:25
2026-10-11 20:00,shaoguan,24.8,113.6,2.3,67.0,0.0,24.8,1,2026-10-08T07:38:25
2026-10-11 21:00,shaoguan,24.8,113.6,3.8,349.0,0.0,23.7,1,2026-10-08T07:38:25
2026-10-11 22:00,shaoguan,24.8,113.6,7.6,342.0,0.0,22.8,1,2026-10-08T07:38:25
2026-10-11 23:00,shaoguan,24.8,113.6,7.2,347.0,0.0,22.3,1,2026-10-08T07:38:25
2026-10-12 00:00,shaoguan,24.8,113.6,5.6,6.0,0.0,21.6,1,2026-10-08T07:38:25
2026-10-12 01:00,shaoguan,24.8,113.6,4.3,33.0,0.0,20.6,1,2026-10-08T07:38:25
2026-10-12 02:00,shaoguan,24.8,113.6,2.2,9.0,0.0,20.0,1,2026-10-08T07:38:25
2026-10-12 03:00,shaoguan,24.8,113.6,1.9,22.0,0.0,19.6,1,2026-10-08T07:38:25
2026-10-12 04:00,shaoguan,24.8,113.6,2.1,31.0,0.0,19.3,1,2026-10-08T07:38:25
2026-10-12 05:00,shaoguan,24.8,113.6,2.1,38.0,0.0,19.4,1,2026-10-08T07:38:25
2026-10-12 06:00,shaoguan,24.8,113.6,1.5,54.0,0.0,19.6,1,2026-10-08T07:38:25
2026-10-12 07:00,shaoguan,24.8,113.6,0.9,79.0,16.0,20.1,1,2026-10-08T07:38:25
2026-10-12 08:00,shaoguan,24.8,113.6,0.8,117.0,170.0,21.2,1,2026-10-08T07:38:25
2026-10-12 09:00,shaoguan,24.8,113.6,0.6,124.0,385.0,23.3,1,2026-10-08T07:38:25
2026-10-12 10:00,shaoguan,24.8,113.6,0.4,90.0,568.0,25.9,1,2026-10-08T07:38:25
2026-10-12 11:00,shaoguan,24.8,113.6,0.4,63.0,708.0,28.2,1,2026-10-08T07:38:25
2026-10-12 12:00,shaoguan,24.8,113.6,1.1,108.0,809.0,29.8,1,2026-10-08T07:38:25
2026-10-12 13:00,shaoguan,24.8,113.6,2.3,119.0,821.0,31.0,1,2026-10-08T07:38:25
2026-10-12 14:00,shaoguan,24.8,113.6,3.1,118.0,761.0,31.8,1,2026-10-08T07:38:25
2026-10-12 15:00,shaoguan,24.8,113.6,3.2,109.0,634.0,32.3,1,2026-10-08T07:38:25
2026-10-12 16:00,shaoguan,24.8,113.6,3.1,97.0,465.0,32.4,1,2026-10-08T07:38:25
2026-10-12 17:00,shaoguan,24.8,113.6,2.7,86.0,266.0,31.8,1,2026-10-08T07:38:25
2026-10-12 18:00,shaoguan,24.8,113.6,1.6,96.0,63.0,30.1,1,2026-10-08T07:38:25
2026-10-12 19:00,shaoguan,24.8,113.6,0.7,166.0,0.0,27.8,1,2026-10-08T07:38:25
2026-10-12 20:00,shaoguan,24.8,113.6,1.0,239.0,0.0,25.8,1,2026-10-08T07:38:25
2026-10-12 21:00,shaoguan,24.8,113.6,1.8,315.0,0.0,24.6,1,2026-10-08T07:38:25
2026-10-12 22:00,shaoguan,24.8,113.6,4.2,342.0,0.0,23.8,1,2026-10-08T07:38:25
2026-10-12 23:00,shaoguan,24.8,113.6,5.8,351.0,0.0,23.1,1,2026-10-08T07:38:25
2026-10-13 00:00,shaoguan,24.8,113.6,5.9,358.0,0.0,22.3,1,2026-10-08T07:38:25
2026-10-13 01:00,shaoguan,24.8,113.6,5.3,8.0,0.0,21.6,1,2026-10-08T07:38:25
2026-10-13 02:00,shaoguan,24.8,113.6,4.5,16.0,0.0,21.1,1,2026-10-08T07:38:25
2026-10-13 03:00,shaoguan,24.8,113.6,3.7,23.0,0.0,20.6,1,2026-10-08T07:38:25
2026-10-13 04:00,shaoguan,24.8,113.6,2.7,28.0,0.0,20.3,1,2026-10-08T07:38:25
2026-10-13 05:00,shaoguan,24.8,113.6,1.9,34.0,0.0,20.3,1,2026-10-08T07:38:25
2026-10-13 06:00,shaoguan,24.8,113.6,1.5,36.0,0.0,20.6,1,2026-10-08T07:38:25
2026-10-13 07:00,shaoguan,24.8,113.6,1.2,27.0,15.0,21.3,1,2026-10-08T07:38:25
2026-10-13 08:00,shaoguan,24.8,113.6,1.2,27.0,165.0,22.5,1,2026-10-08T07:38:25
2026-10-13 09:00,shaoguan,24.8,113.6,1.7,41.0,380.0,24.6,1,2026-10-08T07:38:25
2026-10-13 10:00,shaoguan,24.8,113.6,2.4,48.0,561.0,27.4,1,2026-10-08T07:38:25
2026-10-13 11:00,shaoguan,24.8,113.6,2.9,60.0,700.0,29.6,1,2026-10-08T07:38:25
2026-10-13 12:00,shaoguan,24.8,113.6,2.9,79.0,799.0,31.1,1,2026-10-08T07:38:25
2026-10-13 13:00,shaoguan,24.8,113.6,3.1,103.0,810.0,32.2,1,2026-10-08T07:38:25
2026-10-13 14:00,shaoguan,24.8,113.6,3.3,119.0,750.0,32.8,1,2026-10-08T07:38:25
2026-10-13 15:00,shaoguan,24.8,113.6,3.1,135.0,624.0,33.0,1,2026-10-08T07:38:25
2026-10-13 16:00,shaoguan,24.8,113.6,2.6,155.0,457.0,32.8,1,2026-10-08T07:38:25
2026-10-13 17:00,shaoguan,24.8,113.6,1.9,146.0,260.0,32.1,1,2026-10-08T07:38:25
2026-10-13 18:00,shaoguan,24.8,113.6,3.3,81.0,60.0,30.5,1,2026-10-08T07:38:25
2026-10-13 19:00,shaoguan,24.8,113.6,7.3,62.0,0.0,28.4,1,2026-10-08T07:38:25
2026-10-13 20:00,shaoguan,24.8,113.6,10.0,54.0,0.0,26.8,1,2026-10-08T07:38:25
2026-10-13 21:00,shaoguan,24.8,113.6,9.9,42.0,0.0,26.0,1,2026-10-08T07:38:25
2026-10-13 22:00,shaoguan,24.8,113.6,9.1,25.0,0.0,25.6,1,2026-10-08T07:38:25
2026-10-13 23:00,shaoguan,24.8,113.6,9.0,12.0,0.0,25.2,1,2026-10-08T07:38:25
2026-10-14 00:00,shaoguan,24.8,113.6,9.6,12.0,0.0,24.5,1,2026-10-08T07:38:25
2026-10-14 01:00,shaoguan,24.8,113.6,10.0,18.0,0.0,23.8,1,2026-10-08T07:38:25
2026-10-14 02:00,shaoguan,24.8,113.6,10.1,22.0,0.0,23.1,1,2026-10-08T07:38:25
2026-10-14 03:00,shaoguan,24.8,113.6,8.7,22.0,0.0,22.5,1,2026-10-08T07:38:25
2026-10-14 04:00,shaoguan,24.8,113.6,6.8,18.0,0.0,21.9,1,2026-10-08T07:38:25
2026-10-14 05:00,shaoguan,24.8,113.6,5.2,14.0,0.0,21.7,1,2026-10-08T07:38:25
2026-10-14 06:00,shaoguan,24.8,113.6,5.9,11.0,0.0,22.5,1,2026-10-08T07:38:25
2026-10-14 07:00,shaoguan,24.8,113.6,4.7,7.0,14.0,22.8,1,2026-10-08T07:38:25
2026-10-14 08:00,shaoguan,24.8,113.6,4.0,5.0,160.0,23.5,1,2026-10-08T07:38:25
2026-10-14 09:00,shaoguan,24.8,113.6,3.4,6.0,385.0,24.7,1,2026-10-08T07:38:25
2026-10-14 10:00,shaoguan,24.8,113.6,2.9,7.0,565.0,26.5,1,2026-10-08T07:38:25
2026-10-14 11:00,shaoguan,24.8,113.6,2.6,12.0,700.0,28.5,1,2026-10-08T07:38:25
2026-10-14 12:00,shaoguan,24.8,113.6,2.4,27.0,777.0,30.5,1,2026-10-08T07:38:25
2026-10-14 13:00,shaoguan,24.8,113.6,2.7,37.0,790.0,32.0,1,2026-10-08T07:38:25
2026-10-14 14:00,shaoguan,24.8,113.6,3.5,51.0,737.0,32.8,1,2026-10-08T07:38:25
2026-10-14 15:00,shaoguan,24.8,113.6,5.0,60.0,599.0,32.8,1,2026-10-08T07:38:25
2026-10-14 16:00,shaoguan,24.8,113.6,7.4,64.0,447.0,32.1,1,2026-10-08T07:38:25
2026-10-14 17:00,shaoguan,24.8,113.6,10.1,66.0,260.0,31.1,1,2026-10-08T07:38:25
2026-10-14 18:00,shaoguan,24.8,113.6,12.7,67.0,62.0,29.8,1,2026-10-08T07:38:25
2026-10-14 19:00,shaoguan,24.8,113.6,14.7,67.0,0.0,28.6,1,2026-10-08T07:38:25
2026-10-14 20:00,shaoguan,24.8,113.6,15.7,66.0,0.0,27.5,1,2026-10-08T07:38:25
2026-10-14 21:00,shaoguan,24.8,113.6,15.5,65.0,0.0,26.6,1,2026-10-08T07:38:25
2026-10-14 22:00,shaoguan,24.8,113.6,14.5,62.0,0.0,25.6,1,2026-10-08T07:38:25
2026-10-14 23:00,shaoguan,24.8,113.6,13.0,57.0,0.0,24.7,1,2026-10-08T07:38:25
2026-10-01 00:00,guangzhou,23.13,113.26,11.0,194.0,0.0,29.9,0,2026-10-08T07:38:25
2026-10-01 01:00,guangzhou,23.13,113.26,10.4,195.0,0.0,29.6,0,2026-10-08T07:38:25
2026-10-01 02:00,guangzhou,23.13,113.26,12.5,198.0,0.0,29.9,0,2026-10-08T07:38:25
2026-10-01 03:00,guangzhou,23.13,113.26,10.9,207.0,0.0,29.2,0,2026-10-08T07:38:25
2026-10-01 04:00,guangzhou,23.13,113.26,9.5,199.0,0.0,28.9,0,2026-10-08T07:38:25
2026-10-01 05:00,guangzhou,23.13,113.26,8.5,193.0,0.0,28.5,0,2026-10-08T07:38:25
2026-10-01 06:00,guangzhou,23.13,113.26,8.3,179.0,0.0,28.1,0,2026-10-08T07:38:25
2026-10-01 07:00,guangzhou,23.13,113.26,6.8,180.0,20.0,28.3,0,2026-10-08T07:38:25
2026-10-01 08:00,guangzhou,23.13,113.26,6.7,180.0,163.0,30.0,0,2026-10-08T07:38:25
2026-10-01 09:00,guangzhou,23.13,113.26,3.6,307.0,371.0,31.4,0,2026-10-08T07:38:25
2026-10-01 10:00,guangzhou,23.13,113.26,3.7,293.0,507.0,32.7,0,2026-10-08T07:38:25
2026-10-01 11:00,guangzhou,23.13,113.26,11.5,316.0,668.0,32.1,0,2026-10-08T07:38:25
2026-10-01 12:00,guangzhou,23.13,113.26,6.5,262.0,563.0,32.3,0,2026-10-08T07:38:25
2026-10-01 13:00,guangzhou,23.13,113.26,6.3,267.0,691.0,34.2,0,2026-10-08T07:38:25
2026-10-01 14:00,guangzhou,23.13,113.26,7.2,158.0,710.0,34.0,0,2026-10-08T07:38:25
2026-10-01 15:00,guangzhou,23.13,113.26,7.7,171.0,585.0,35.7,0,2026-10-08T07:38:25
2026-10-01 16:00,guangzhou,23.13,113.26,6.0,201.0,442.0,35.7,0,2026-10-08T07:38:25
2026-10-01 17:00,guangzhou,23.13,113.26,6.1,270.0,270.0,34.5,0,2026-10-08T07:38:25
2026-10-01 18:00,guangzhou,23.13,113.26,9.3,304.0,81.0,33.5,0,2026-10-08T07:38:25
2026-10-01 19:00,guangzhou,23.13,113.26,8.4,318.0,1.0,32.1,0,2026-10-08T07:38:25
2026-10-01 20:00,guangzhou,23.13,113.26,15.8,263.0,0.0,28.6,0,2026-10-08T07:38:25
2026-10-01 21:00,guangzhou,23.13,113.26,11.5,17.0,0.0,26.7,0,2026-10-08T07:38:25
2026-10-01 22:00,guangzhou,23.13,113.26,7.4,51.0,0.0,26.6,0,2026-10-08T07:38:25
2026-10-01 23:00,guangzhou,23.13,113.26,10.8,85.0,0.0,26.7,0,2026-10-08T07:38:25
2026-10-02 00:00,guangzhou,23.13,113.26,12.6,109.0,0.0,26.7,0,2026-10-08T07:38:25
2026-10-02 01:00,guangzhou,23.13,113.26,6.4,45.0,0.0,26.7,0,2026-10-08T07:38:25
2026-10-02 02:00,guangzhou,23.13,113.26,12.5,297.0,0.0,26.0,0,2026-10-08T07:38:25
2026-10-02 03:00,guangzhou,23.13,113.26,6.8,333.0,0.0,26.2,0,2026-10-08T07:38:25
2026-10-02 04:00,guangzhou,23.13,113.26,2.5,21.0,0.0,26.0,0,2026-10-08T07:38:25
2026-10-02 05:00,guangzhou,23.13,113.26,14.5,45.0,0.0,24.9,0,2026-10-08T07:38:25
2026-10-02 06:00,guangzhou,23.13,113.26,13.0,24.0,0.0,25.0,0,2026-10-08T07:38:25
2026-10-02 07:00,guangzhou,23.13,113.26,13.3,42.0,12.0,25.1,0,2026-10-08T07:38:25
2026-10-02 08:00,guangzhou,23.13,113.26,2.6,205.0,78.0,27.3,0,2026-10-08T07:38:25
2026-10-02 09:00,guangzhou,23.13,113.26,9.1,319.0,184.0,28.1,0,2026-10-08T07:38:25
2026-10-02 10:00,guangzhou,23.13,113.26,10.3,344.0,306.0,29.1,0,2026-10-08T07:38:25
2026-10-02 11:00,guangzhou,23.13,113.26,7.7,24.0,462.0,30.1,0,2026-10-08T07:38:25
2026-10-02 12:00,guangzhou,23.13,113.26,7.8,85.0,664.0,31.2,0,2026-10-08T07:38:25
2026-10-02 13:00,guangzhou,23.13,113.26,3.4,133.0,596.0,31.5,0,2026-10-08T07:38:25
2026-10-02 14:00,guangzhou,23.13,113.26,7.3,70.0,446.0,30.1,0,2026-10-08T07:38:25
2026-10-02 15:00,guangzhou,23.13,113.26,5.5,81.0,362.0,30.4,0,2026-10-08T07:38:25
2026-10-02 16:00,guangzhou,23.13,113.26,3.4,16.0,262.0,29.8,0,2026-10-08T07:38:25
2026-10-02 17:00,guangzhou,23.13,113.26,6.7,31.0,144.0,29.5,0,2026-10-08T07:38:25
2026-10-02 18:00,guangzhou,23.13,113.26,10.9,27.0,55.0,28.8,0,2026-10-08T07:38:25
2026-10-02 19:00,guangzhou,23.13,113.26,12.7,27.0,1.0,28.1,0,2026-10-08T07:38:25
2026-10-02 20:00,guangzhou,23.13,113.26,10.1,20.0,0.0,27.1,0,2026-10-08T07:38:25
2026-10-02 21:00,guangzhou,23.13,113.26,11.0,30.0,0.0,26.9,0,2026-10-08T07:38:25
2026-10-02 22:00,guangzhou,23.13,113.26,12.6,54.0,0.0,26.7,0,2026-10-08T07:38:25
2026-10-02 23:00,guangzhou,23.13,113.26,12.9,106.0,0.0,26.5,0,2026-10-08T07:38:25
2026-10-03 00:00,guangzhou,23.13,113.26,12.6,115.0,0.0,26.1,0,2026-10-08T07:38:25
2026-10-03 01:00,guangzhou,23.13,113.26,10.0,105.0,0.0,25.7,0,2026-10-08T07:38:25
2026-10-03 02:00,guangzhou,23.13,113.26,7.2,321.0,0.0,25.8,0,2026-10-08T07:38:25
2026-10-03 03:00,guangzhou,23.13,113.26,7.3,120.0,0.0,24.6,0,2026-10-08T07:38:25
2026-10-03 04:00,guangzhou,23.13,113.26,6.8,158.0,0.0,24.6,0,2026-10-08T07:38:25
2026-10-03 05:00,guangzhou,23.13,113.26,8.3,134.0,0.0,24.6,0,2026-10-08T07:38:25
2026-10-03 06:00,guangzhou,23.13,113.26,10.5,143.0,0.0,24.6,0,2026-10-08T07:38:25
2026-10-03 07:00,guangzhou,23.13,113.26,15.4,134.0,11.0,24.3,0,2026-10-08T07:38:25
2026-10-03 08:00,guangzhou,23.13,113.26,11.8,126.0,81.0,25.6,0,2026-10-08T07:38:25
2026-10-03 09:00,guangzhou,23.13,113.26,8.1,122.0,249.0,26.3,0,2026-10-08T07:38:25
2026-10-03 10:00,guangzhou,23.13,113.26,10.3,153.0,473.0,28.1,0,2026-10-08T07:38:25
2026-10-03 11:00,guangzhou,23.13,113.26,9.3,171.0,560.0,29.1,0,2026-10-08T07:38:25
2026-10-03 12:00,guangzhou,23.13,113.26,9.0,177.0,646.0,30.0,0,2026-10-08T07:38:25
2026-10-03 13:00,guangzhou,23.13,113.26,8.3,194.0,705.0,30.7,0,2026-10-08T07:38:25
2026-10-03 14:00,guangzhou,23.13,113.26,7.5,191.0,659.0,30.1,0,2026-10-08T07:38:25
2026-10-03 15:00,guangzhou,23.13,113.26,6.4,170.0,508.0,30.2,0,2026-10-08T07:38:25
2026-10-03 16:00,guangzhou,23.13,113.26,8.9,153.0,351.0,29.8,0,2026-10-08T07:38:25
2026-10-03 17:00,guangzhou,23.13,113.26,8.8,169.0,198.0,28.9,0,2026-10-08T07:38:25
2026-10-03 18:00,guangzhou,23.13,113.26,9.9,168.0,63.0,28.2,0,2026-10-08T07:38:25
2026-10-03 19:00,guangzhou,23.13,113.26,8.9,153.0,1.0,27.8,0,2026-10-08T07:38:25
2026-10-03 20:00,guangzhou,23.13,113.26,13.7,136.0,0.0,28.0,0,2026-10-08T07:38:25
2026-10-03 21:00,guangzhou,23.13,113.26,16.8,138.0,0.0,27.3,0,2026-10-08T07:38:25
2026-10-03 22:00,guangzhou,23.13,113.26,15.3,142.0,0.0,27.1,0,2026-10-08T07:38:25
2026-10-03 23:00,guangzhou,23.13,113.26,14.3,157.0,0.0,27.0,0,2026-10-08T07:38:25
2026-10-04 00:00,guangzhou,23.13,113.26,12.8,165.0,0.0,26.8,0,2026-10-08T07:38:25
2026-10-04 01:00,guangzhou,23.13,113.26,11.1,171.0,0.0,26.4,0,2026-10-08T07:38:25
2026-10-04 02:00,guangzhou,23.13,113.26,11.7,201.0,0.0,26.6,0,2026-10-08T07:38:25
2026-10-04 03:00,guangzhou,23.13,113.26,10.4,200.0,0.0,26.2,0,2026-10-08T07:38:25
2026-10-04 04:00,guangzhou,23.13,113.26,10.1,191.0,0.0,25.9,0,2026-10-08T07:38:25
2026-10-04 05:00,guangzhou,23.13,113.26,7.6,180.0,0.0,25.8,0,2026-10-08T07:38:25
2026-10-04 06:00,guangzhou,23.13,113.26,5.8,175.0,0.0,25.7,0,2026-10-08T07:38:25
2026-10-04 07:00,guangzhou,23.13,113.26,3.7,194.0,19.0,26.1,0,2026-10-08T07:38:25
2026-10-04 08:00,guangzhou,23.13,113.26,3.2,142.0,166.0,27.8,0,2026-10-08T07:38:25
2026-10-04 09:00,guangzhou,23.13,113.26,3.6,229.0,369.0,29.2,0,2026-10-08T07:38:25
2026-10-04 10:00,guangzhou,23.13,113.26,4.9,266.0,553.0,30.2,0,2026-10-08T07:38:25
2026-10-04 11:00,guangzhou,23.13,113.26,2.8,252.0,700.0,30.9,0,2026-10-08T07:38:25
2026-10-04 12:00,guangzhou,23.13,113.26,5.6,274.0,811.0,31.7,0,2026-10-08T07:38:25
2026-10-04 13:00,guangzhou,23.13,113.26,8.3,272.0,797.0,32.1,0,2026-10-08T07:38:25
2026-10-04 14:00,guangzhou,23.13,113.26,4.7,277.0,529.0,32.3,0,2026-10-08T07:38:25
2026-10-04 15:00,guangzhou,23.13,113.26,9.1,284.0,654.0,31.9,0,2026-10-08T07:38:25
2026-10-04 16:00,guangzhou,23.13,113.26,16.8,315.0,443.0,29.1,0,2026-10-08T07:38:25
2026-10-04 17:00,guangzhou,23.13,113.26,11.6,336.0,227.0,28.2,0,2026-10-08T07:38:25
2026-10-04 18:00,guangzhou,23.13,113.26,21.5,4.0,69.0,26.3,0,2026-10-08T07:38:25
2026-10-04 19:00,guangzhou,23.13,113.26,20.5,1.0,1.0,25.9,0,2026-10-08T07:38:25
2026-10-04 20:00,guangzhou,23.13,113.26,20.8,355.0,0.0,26.4,0,2026-10-08T07:38:25
2026-10-04 21:00,guangzhou,23.13,113.26,21.4,6.0,0.0,26.3,0,2026-10-08T07:38:25
2026-10-04 22:00,guangzhou,23.13,113.26,24.3,15.0,0.0,25.7,0,2026-10-08T07:38:25
2026-10-04 23:00,guangzhou,23.13,113.26,25.6,18.0,0.0,25.1,0,2026-10-08T07:38:25
2026-10-05 00:00,guangzhou,23.13,113.26,28.0,17.0,0.0,24.8,0,2026-10-08T07:38:25
2026-10-05 01:00,guangzhou,23.13,113.26,28.5,16.0,0.0,24.5,0,2026-10-08T07:38:25
2026-10-05 02:00,guangzhou,23.13,113.26,25.4,9.0,0.0,24.5,0,2026-10-08T07:38:25
2026-10-05 03:00,guangzhou,23.13,113.26,24.4,11.0,0.0,24.1,0,2026-10-08T07:38:25
2026-10-05 04:00,guangzhou,23.13,113.26,23.9,12.0,0.0,23.8,0,2026-10-08T07:38:25
2026-10-05 05:00,guangzhou,23.13,113.26,23.7,9.0,0.0,23.5,0,2026-10-08T07:38:25
2026-10-05 06:00,guangzhou,23.13,113.26,24.0,3.0,0.0,22.9,0,2026-10-08T07:38:25
2026-10-05 07:00,guangzhou,23.13,113.26,24.8,7.0,7.0,21.9,0,2026-10-08T07:38:25
2026-10-05 08:00,guangzhou,23.13,113.26,23.3,4.0,52.0,22.5,0,2026-10-08T07:38:25
2026-10-05 09:00,guangzhou,23.13,113.26,19.3,1.0,178.0,23.3,0,2026-10-08T07:38:25
2026-10-05 10:00,guangzhou,23.13,113.26,20.7,3.0,329.0,24.4,0,2026-10-08T07:38:25
2026-10-05 11:00,guangzhou,23.13,113.26,22.0,8.0,527.0,25.9,0,2026-10-08T07:38:25
2026-10-05 12:00,guangzhou,23.13,113.26,22.2,8.0,726.0,27.1,0,2026-10-08T07:38:25
2026-10-05 13:00,guangzhou,23.13,113.26,23.2,10.0,726.0,28.0,0,2026-10-08T07:38:25
2026-10-05 14:00,guangzhou,23.13,113.26,22.2,11.0,655.0,26.9,0,2026-10-08T07:38:25
2026-10-05 15:00,guangzhou,23.13,113.26,23.4,12.0,267.0,27.2,0,2026-10-08T07:38:25
2026-10-05 16:00,guangzhou,23.13,113.26,21.0,13.0,173.0,26.8,0,2026-10-08T07:38:25
2026-10-05 17:00,guangzhou,23.13,113.26,20.7,15.0,130.0,26.4,0,2026-10-08T07:38:25
2026-10-05 18:00,guangzhou,23.13,113.26,20.8,12.0,43.0,25.6,0,2026-10-08T07:38:25
2026-10-05 19:00,guangzhou,23.13,113.26,24.0,19.0,0.0,24.8,0,2026-10-08T07:38:25
2026-10-05 20:00,guangzhou,23.13,113.26,21.5,18.0,0.0,24.1,0,2026-10-08T07:38:25
2026-10-05 21:00,guangzhou,23.13,113.26,26.8,20.0,0.0,23.5,0,2026-10-08T07:38:25
2026-10-05 22:00,guangzhou,23.13,113.26,31.6,22.0,0.0,22.7,0,2026-10-08T07:38:25
2026-10-05 23:00,guangzhou,23.13,113.26,30.3,19.0,0.0,21.9,0,2026-10-08T07:38:25
2026-10-06 00:00,guangzhou,23.13,113.26,31.5,20.0,0.0,21.3,0,2026-10-08T07:38:25
2026-10-06 01:00,guangzhou,23.13,113.26,31.4,20.0,0.0,20.5,0,2026-10-08T07:38:25
2026-10-06 02:00,guangzhou,23.13,113.26,29.9,14.0,0.0,20.7,0,2026-10-08T07:38:25
2026-10-06 03:00,guangzhou,23.13,113.26,28.7,12.0,0.0,20.1,0,2026-10-08T07:38:25
2026-10-06 04:00,guangzhou,23.13,113.26,26.8,13.0,0.0,19.9,0,2026-10-08T07:38:25
2026-10-06 05:00,guangzhou,23.13,113.26,26.1,12.0,0.0,19.6,0,2026-10-08T07:38:25
2026-10-06 06:00,guangzhou,23.13,113.26,27.2,13.0,0.0,19.4,0,2026-10-08T07:38:25
2026-10-06 07:00,guangzhou,23.13,113.26,27.2,14.0,19.0,19.4,0,2026-10-08T07:38:25
2026-10-06 08:00,guangzhou,23.13,113.26,23.1,9.0,126.0,20.9,0,2026-10-08T07:38:25
2026-10-06 09:00,guangzhou,23.13,113.26,23.1,10.0,319.0,21.7,0,2026-10-08T07:38:25
2026-10-06 10:00,guangzhou,23.13,113.26,21.1,11.0,460.0,23.0,0,2026-10-08T07:38:25
2026-10-06 11:00,guangzhou,23.13,113.26,20.6,12.0,550.0,24.1,0,2026-10-08T07:38:25
2026-10-06 12:00,guangzhou,23.13,113.26,20.0,16.0,602.0,25.1,0,2026-10-08T07:38:25
2026-10-06 13:00,guangzhou,23.13,113.26,19.5,20.0,517.0,25.5,0,2026-10-08T07:38:25
2026-10-06 14:00,guangzhou,23.13,113.26,16.3,21.0,424.0,25.8,0,2026-10-08T07:38:25
2026-10-06 15:00,guangzhou,23.13,113.26,14.1,17.0,415.0,25.8,0,2026-10-08T07:38:25
2026-10-06 16:00,guangzhou,23.13,113.26,13.0,18.0,309.0,25.9,0,2026-10-08T07:38:25
2026-10-06 17:00,guangzhou,23.13,113.26,13.4,14.0,186.0,25.8,0,2026-10-08T07:38:25
2026-10-06 18:00,guangzhou,23.13,113.26,17.4,16.0,57.0,24.8,0,2026-10-08T07:38:25
2026-10-06 19:00,guangzhou,23.13,113.26,20.5,28.0,0.0,24.1,0,2026-10-08T07:38:25
2026-10-06 20:00,guangzhou,23.13,113.26,18.5,27.0,0.0,24.1,0,2026-10-08T07:38:25
2026-10-06 21:00,guangzhou,23.13,113.26,19.2,26.0,0.0,23.4,0,2026-10-08T07:38:25
2026-10-06 22:00,guangzhou,23.13,113.26,20.5,29.0,0.0,23.1,0,2026-10-08T07:38:25
2026-10-06 23:00,guangzhou,23.13,113.26,22.7,25.0,0.0,22.8,0,2026-10-08T07:38:25
2026-10-07 00:00,guangzhou,23.13,113.26,23.9,24.0,0.0,22.3,0,2026-10-08T07:38:25
2026-10-07 01:00,guangzhou,23.13,113.26,23.0,21.0,0.0,21.7,0,2026-10-08T07:38:25
2026-10-07 02:00,guangzhou,23.13,113.26,24.6,16.0,0.0,21.5,0,2026-10-08T07:38:25
2026-10-07 03:00,guangzhou,23.13,113.26,26.6,16.0,0.0,20.6,0,2026-10-08T07:38:25
2026-10-07 04:00,guangzhou,23.13,113.26,27.3,17.0,0.0,19.9,0,2026-10-08T07:38:25
2026-10-07 05:00,guangzhou,23.13,113.26,28.7,16.0,0.0,19.4,0,2026-10-08T07:38:25
2026-10-07 06:00,guangzhou,23.13,113.26,27.6,18.0,0.0,19.1,0,2026-10-08T07:38:25
2026-10-07 07:00,guangzhou,23.13,113.26,25.9,20.0,20.0,19.1,0,2026-10-08T07:38:25
2026-10-07 08:00,guangzhou,23.13,113.26,21.3,17.0,178.0,20.8,0,2026-10-08T07:38:25
2026-10-07 09:00,guangzhou,23.13,113.26,16.2,19.0,394.0,22.4,0,2026-10-08T07:38:25
2026-10-07 10:00,guangzhou,23.13,113.26,14.5,21.0,593.0,24.0,0,2026-10-08T07:38:25
2026-10-07 11:00,guangzhou,23.13,113.26,12.8,24.0,745.0,25.4,0,2026-10-08T07:38:25
2026-10-07 12:00,guangzhou,23.13,113.26,11.6,32.0,834.0,26.4,0,2026-10-08T07:38:25
2026-10-07 13:00,guangzhou,23.13,113.26,9.2,35.0,851.0,27.1,0,2026-10-08T07:38:25
2026-10-07 14:00,guangzhou,23.13,113.26,5.7,13.0,795.0,27.8,0,2026-10-08T07:38:25
2026-10-07 15:00,guangzhou,23.13,113.26,5.2,2.0,671.0,27.8,0,2026-10-08T07:38:25
2026-10-07 16:00,guangzhou,23.13,113.26,5.6,360.0,492.0,27.7,0,2026-10-08T07:38:25
2026-10-07 17:00,guangzhou,23.13,113.26,7.0,359.0,280.0,27.3,0,2026-10-08T07:38:25
2026-10-07 18:00,guangzhou,23.13,113.26,9.9,357.0,80.0,25.8,0,2026-10-08T07:38:25
2026-10-07 19:00,guangzhou,23.13,113.26,9.3,10.0,0.0,24.8,0,2026-10-08T07:38:25
2026-10-07 20:00,guangzhou,23.13,113.26,8.4,10.0,0.0,24.5,0,2026-10-08T07:38:25
2026-10-07 21:00,guangzhou,23.13,113.26,11.5,25.0,0.0,23.4,0,2026-10-08T07:38:25
2026-10-07 22:00,guangzhou,23.13,113.26,13.9,23.0,0.0,22.8,0,2026-10-08T07:38:25
2026-10-07 23:00,guangzhou,23.13,113.26,17.4,21.0,0.0,22.4,0,2026-10-08T07:38:25
2026-10-08 00:00,guangzhou,23.13,113.26,18.1,23.0,0.0,22.0,0,2026-10-08T07:38:25
2026-10-08 01:00,guangzhou,23.13,113.26,16.5,35.0,0.0,21.6,0,2026-10-08T07:38:25
2026-10-08 02:00,guangzhou,23.13,113.26,16.3,42.0,0.0,21.6,0,2026-10-08T07:38:25
2026-10-08 03:00,guangzhou,23.13,113.26,16.9,52.0,0.0,21.1,0,2026-10-08T07:38:25
2026-10-08 04:00,guangzhou,23.13,113.26,17.7,51.0,0.0,20.9,0,2026-10-08T07:38:25
2026-10-08 05:00,guangzhou,23.13,113.26,17.3,46.0,0.0,20.8,0,2026-10-08T07:38:25
2026-10-08 06:00,guangzhou,23.13,113.26,18.1,38.0,0.0,20.5,0,2026-10-08T07:38:25
2026-10-08 07:00,guangzhou,23.13,113.26,18.9,32.0,19.0,20.5,0,2026-10-08T07:38:25
2026-10-08 08:00,guangzhou,23.13,113.26,19.9,37.0,168.0,22.3,0,2026-10-08T07:38:25
2026-10-08 09:00,guangzhou,23.13,113.26,12.1,28.0,378.0,24.3,0,2026-10-08T07:38:25
2026-10-08 10:00,guangzhou,23.13,113.26,11.9,39.0,571.0,26.2,0,2026-10-08T07:38:25
2026-10-08 11:00,guangzhou,23.13,113.26,10.0,51.0,725.0,27.4,0,2026-10-08T07:38:25
2026-10-08 12:00,guangzhou,23.13,113.26,9.0,47.0,813.0,28.2,0,2026-10-08T07:38:25
2026-10-08 13:00,guangzhou,23.13,113.26,7.5,50.0,835.0,28.8,0,2026-10-08T07:38:25
2026-10-08 14:00,guangzhou,23.13,113.26,5.5,46.0,767.0,29.4,0,2026-10-08T07:38:25
2026-10-08 15:00,guangzhou,23.13,113.26,6.0,39.0,654.0,29.9,0,2026-10-08T07:38:25
2026-10-08 16:00,guangzhou,23.13,113.26,8.2,32.0,482.0,29.6,0,2026-10-08T07:38:25
2026-10-08 17:00,guangzhou,23.13,113.26,9.6,33.0,247.0,28.8,0,2026-10-08T07:38:25
2026-10-08 18:00,guangzhou,23.13,113.26,9.6,53.0,74.0,27.2,0,2026-10-08T07:38:25
2026-10-08 19:00,guangzhou,23.13,113.26,9.5,90.0,0.0,26.1,0,2026-10-08T07:38:25
2026-10-08 20:00,guangzhou,23.13,113.26,13.2,83.0,0.0,25.7,0,2026-10-08T07:38:25
2026-10-08 21:00,guangzhou,23.13,113.26,14.3,78.0,0.0,25.0,0,2026-10-08T07:38:25
2026-10-08 22:00,guangzhou,23.13,113.26,12.1,75.0,0.0,24.5,0,2026-10-08T07:38:25
2026-10-08 23:00,guangzhou,23.13,113.26,11.0,65.0,0.0,24.0,0,2026-10-08T07:38:25
